r,s,ls,ld,lh,y,RateOfNetStorageActivity
KENYA,BESS001,1,1,1,2024,-0.2048
KENYA,BESS001,1,1,1,2026,-0.3346
KENYA,BESS001,1,1,1,2030,-0.2164
KENYA,BESS001,1,1,1,2033,-0.2338
KENYA,BESS001,1,1,1,2034,-2.5174
KENYA,BESS001,1,1,1,2044,-0.0098
KENYA,BESS001,1,1,1,2047,-4.1737
KENYA,BESS001,1,1,1,2049,-1.1749
KENYA,BESS001,1,1,1,2050,-1.2075
KENYA,BESS001,1,1,2,2026,-0.1655
KENYA,BESS001,1,1,2,2027,-0.0548
KENYA,BESS001,1,1,2,2028,-2.1052
KENYA,BESS001,1,1,2,2029,-2.7221
KENYA,BESS001,1,1,2,2030,-2.5953
KENYA,BESS001,1,1,2,2031,0.2437
KENYA,BESS001,1,1,2,2044,-1.3421
KENYA,BESS001,1,1,2,2045,-0.0826
KENYA,BESS001,1,1,2,2046,-4.8234
KENYA,BESS001,1,1,2,2047,-4.6852
KENYA,BESS001,1,1,2,2048,-9.4502
KENYA,BESS001,1,1,2,2049,-11.6138
KENYA,BESS001,1,1,3,2024,-0.003
KENYA,BESS001,1,1,3,2025,-0.9947
KENYA,BESS001,1,1,3,2026,-0.3848
KENYA,BESS001,1,1,3,2027,-1.3158
KENYA,BESS001,1,1,3,2029,-0.6225
KENYA,BESS001,1,1,3,2030,-0.8214
KENYA,BESS001,1,1,3,2032,0.0013
KENYA,BESS001,1,1,3,2044,-0.01
KENYA,BESS001,1,1,3,2045,-2.808
KENYA,BESS001,1,1,3,2046,-0.0709
KENYA,BESS001,1,1,3,2049,-1.7807
KENYA,BESS001,1,1,3,2050,-2.6321
KENYA,BESS001,1,1,4,2024,0.2048
KENYA,BESS001,1,1,4,2025,0.7478
KENYA,BESS001,1,1,4,2026,0.5942
KENYA,BESS001,1,1,4,2027,2.6366
KENYA,BESS001,1,1,4,2028,2.207
KENYA,BESS001,1,1,4,2029,1.5712
KENYA,BESS001,1,1,4,2030,2.7221
KENYA,BESS001,1,1,4,2031,-0.6268
KENYA,BESS001,1,1,4,2032,-0.0431
KENYA,BESS001,1,1,4,2033,0.4863
KENYA,BESS001,1,1,4,2034,2.5174
KENYA,BESS001,1,1,4,2044,1.3421
KENYA,BESS001,1,1,4,2045,2.808
KENYA,BESS001,1,1,4,2046,4.8234
KENYA,BESS001,1,1,4,2047,7.2966
KENYA,BESS001,1,1,4,2048,9.4502
KENYA,BESS001,1,1,4,2049,11.6138
KENYA,BESS001,1,1,4,2050,15.6268
KENYA,BESS001,1,1,5,2024,0.2048
KENYA,BESS001,1,1,5,2025,2.0759
KENYA,BESS001,1,1,5,2026,1.6091
KENYA,BESS001,1,1,5,2027,2.7221
KENYA,BESS001,1,1,5,2028,2.7221
KENYA,BESS001,1,1,5,2029,2.7221
KENYA,BESS001,1,1,5,2030,2.7221
KENYA,BESS001,1,1,5,2031,0.405
KENYA,BESS001,1,1,5,2032,0.0823
KENYA,BESS001,1,1,5,2033,-0.2814
KENYA,BESS001,1,1,5,2034,2.5174
KENYA,BESS001,1,1,5,2044,1.3421
KENYA,BESS001,1,1,5,2045,2.808
KENYA,BESS001,1,1,5,2046,4.8234
KENYA,BESS001,1,1,5,2047,4.7136
KENYA,BESS001,1,1,5,2048,3.7033
KENYA,BESS001,1,1,5,2049,2.713
KENYA,BESS001,1,1,5,2050,3.1986
KENYA,BESS001,1,1,6,2025,-0.4266
KENYA,BESS001,1,1,6,2026,-0.2882
KENYA,BESS001,1,1,6,2027,-2.7221
KENYA,BESS001,1,1,6,2028,-2.7221
KENYA,BESS001,1,1,6,2030,-0.8534
KENYA,BESS001,1,1,6,2031,0.3304
KENYA,BESS001,1,1,6,2034,-0.074
KENYA,BESS001,1,1,6,2044,-1.3421
KENYA,BESS001,1,1,6,2046,-4.8234
KENYA,BESS001,1,1,6,2047,-0.028
KENYA,BESS001,1,1,6,2048,-5.8405
KENYA,BESS001,1,1,6,2049,-0.0231
KENYA,BESS001,1,1,6,2050,-15.6268
KENYA,BESS001,1,2,1,2025,1.0979
KENYA,BESS001,1,2,1,2026,0.225
KENYA,BESS001,1,2,1,2027,0.3104
KENYA,BESS001,1,2,1,2029,2.7221
KENYA,BESS001,1,2,1,2030,0.681
KENYA,BESS001,1,2,1,2031,2.7221
KENYA,BESS001,1,2,1,2032,1.9038
KENYA,BESS001,1,2,1,2033,1.8134
KENYA,BESS001,1,2,1,2034,2.5174
KENYA,BESS001,1,2,1,2049,1.6334
KENYA,BESS001,1,2,1,2050,2.7934
KENYA,BESS001,1,2,2,2025,-0.2653
KENYA,BESS001,1,2,2,2029,-1.1947
KENYA,BESS001,1,2,2,2031,-2.1065
KENYA,BESS001,1,2,2,2032,-2.1625
KENYA,BESS001,1,2,2,2033,-2.2619
KENYA,BESS001,1,2,2,2034,-1.4116
KENYA,BESS001,1,2,2,2044,-1.3421
KENYA,BESS001,1,2,2,2045,-1.8995
KENYA,BESS001,1,2,2,2046,-2.6336
KENYA,BESS001,1,2,2,2047,-4.7732
KENYA,BESS001,1,2,2,2048,-2.9588
KENYA,BESS001,1,2,2,2049,-3.2766
KENYA,BESS001,1,2,2,2050,-3.6154
KENYA,BESS001,1,2,3,2025,-0.2601
KENYA,BESS001,1,2,3,2026,0.7319
KENYA,BESS001,1,2,3,2029,-1.2317
KENYA,BESS001,1,2,3,2031,-1.9758
KENYA,BESS001,1,2,3,2032,-1.6566
KENYA,BESS001,1,2,3,2033,-1.3834
KENYA,BESS001,1,2,3,2034,-0.4597
KENYA,BESS001,1,2,3,2046,-0.2535
KENYA,BESS001,1,2,3,2047,-0.0814
KENYA,BESS001,1,2,4,2024,0.2048
KENYA,BESS001,1,2,4,2025,0.3186
KENYA,BESS001,1,2,4,2026,-2.6901
KENYA,BESS001,1,2,4,2027,-0.2655
KENYA,BESS001,1,2,4,2028,-1.1156
KENYA,BESS001,1,2,4,2029,-0.4606
KENYA,BESS001,1,2,4,2030,-0.9666
KENYA,BESS001,1,2,4,2031,0.7214
KENYA,BESS001,1,2,4,2032,0.582
KENYA,BESS001,1,2,4,2033,0.3851
KENYA,BESS001,1,2,4,2034,-2.5174
KENYA,BESS001,1,2,4,2044,1.3421
KENYA,BESS001,1,2,4,2045,2.808
KENYA,BESS001,1,2,4,2046,4.8234
KENYA,BESS001,1,2,4,2047,7.2966
KENYA,BESS001,1,2,4,2048,6.9262
KENYA,BESS001,1,2,4,2049,5.8535
KENYA,BESS001,1,2,4,2050,6.7361
KENYA,BESS001,1,2,5,2024,-0.2048
KENYA,BESS001,1,2,5,2025,-2.7221
KENYA,BESS001,1,2,5,2026,-1.4729
KENYA,BESS001,1,2,5,2027,-2.7221
KENYA,BESS001,1,2,5,2028,-0.505
KENYA,BESS001,1,2,5,2029,-2.2555
KENYA,BESS001,1,2,5,2030,-0.0802
KENYA,BESS001,1,2,5,2031,-2.7221
KENYA,BESS001,1,2,5,2032,-2.7221
KENYA,BESS001,1,2,5,2033,-2.7221
KENYA,BESS001,1,2,5,2034,-2.5174
KENYA,BESS001,1,2,5,2044,-1.3421
KENYA,BESS001,1,2,5,2045,-2.808
KENYA,BESS001,1,2,5,2046,-4.8234
KENYA,BESS001,1,2,5,2047,-7.2966
KENYA,BESS001,1,2,5,2048,-9.4502
KENYA,BESS001,1,2,5,2049,-11.6138
KENYA,BESS001,1,2,5,2050,-15.6268
KENYA,BESS001,1,2,6,2024,-0.1385
KENYA,BESS001,1,2,6,2026,2.7221
KENYA,BESS001,1,2,6,2027,1.5797
KENYA,BESS001,1,2,6,2028,1.8509
KENYA,BESS001,1,2,6,2029,0.3628
KENYA,BESS001,1,2,6,2031,1.4792
KENYA,BESS001,1,2,6,2032,2.7221
KENYA,BESS001,1,2,6,2033,2.7221
KENYA,BESS001,1,2,6,2034,2.4049
KENYA,BESS001,1,2,6,2044,0.4342
KENYA,BESS001,1,2,6,2046,-0.1224
KENYA,BESS001,1,2,6,2048,-0.0192
KENYA,BESS001,1,2,6,2049,-0.0531
KENYA,BESS001,1,2,6,2050,-0.5139
KENYA,BESS001,2,1,1,2025,0.5996
KENYA,BESS001,2,1,1,2026,1.5789
KENYA,BESS001,2,1,1,2028,2.1613
KENYA,BESS001,2,1,1,2029,0.8731
KENYA,BESS001,2,1,1,2030,1.9362
KENYA,BESS001,2,1,1,2031,2.7221
KENYA,BESS001,2,1,1,2032,2.0354
KENYA,BESS001,2,1,1,2033,2.7221
KENYA,BESS001,2,1,1,2034,2.5174
KENYA,BESS001,2,1,1,2044,1.3421
KENYA,BESS001,2,1,1,2045,2.808
KENYA,BESS001,2,1,1,2046,4.8234
KENYA,BESS001,2,1,1,2047,5.6775
KENYA,BESS001,2,1,1,2048,9.4502
KENYA,BESS001,2,1,1,2049,11.6138
KENYA,BESS001,2,1,1,2050,13.7376
KENYA,BESS001,2,1,2,2025,-0.1169
KENYA,BESS001,2,1,2,2029,-1.7257
KENYA,BESS001,2,1,2,2031,-2.2478
KENYA,BESS001,2,1,2,2032,-2.7221
KENYA,BESS001,2,1,2,2033,-2.7221
KENYA,BESS001,2,1,2,2034,-2.2049
KENYA,BESS001,2,1,2,2044,-1.3421
KENYA,BESS001,2,1,2,2045,-2.808
KENYA,BESS001,2,1,2,2046,-4.8234
KENYA,BESS001,2,1,2,2047,-7.2966
KENYA,BESS001,2,1,2,2048,-9.4502
KENYA,BESS001,2,1,2,2049,-7.9499
KENYA,BESS001,2,1,2,2050,-5.0716
KENYA,BESS001,2,1,3,2027,1.6959
KENYA,BESS001,2,1,3,2029,-0.2965
KENYA,BESS001,2,1,3,2031,-0.5586
KENYA,BESS001,2,1,3,2032,-0.4615
KENYA,BESS001,2,1,3,2033,-0.341
KENYA,BESS001,2,1,3,2034,0.3218
KENYA,BESS001,2,1,3,2044,0.0197
KENYA,BESS001,2,1,3,2045,0.0413
KENYA,BESS001,2,1,3,2046,0.0709
KENYA,BESS001,2,1,3,2047,1.7264
KENYA,BESS001,2,1,3,2048,1.979
KENYA,BESS001,2,1,3,2049,2.7793
KENYA,BESS001,2,1,3,2050,3.1134
KENYA,BESS001,2,1,4,2024,-0.2048
KENYA,BESS001,2,1,4,2025,-2.6007
KENYA,BESS001,2,1,4,2026,-2.7221
KENYA,BESS001,2,1,4,2027,-2.1772
KENYA,BESS001,2,1,4,2028,-2.7027
KENYA,BESS001,2,1,4,2029,-1.7828
KENYA,BESS001,2,1,4,2030,-2.4195
KENYA,BESS001,2,1,4,2031,-2.3635
KENYA,BESS001,2,1,4,2032,-1.5211
KENYA,BESS001,2,1,4,2033,-2.1631
KENYA,BESS001,2,1,4,2034,-1.6995
KENYA,BESS001,2,1,4,2044,-1.3421
KENYA,BESS001,2,1,4,2045,-2.808
KENYA,BESS001,2,1,4,2046,-4.8234
KENYA,BESS001,2,1,4,2047,-7.2966
KENYA,BESS001,2,1,4,2048,-9.4502
KENYA,BESS001,2,1,4,2049,-11.6138
KENYA,BESS001,2,1,4,2050,-13.3481
KENYA,BESS001,2,1,5,2024,0.2048
KENYA,BESS001,2,1,5,2025,-0.4226
KENYA,BESS001,2,1,5,2026,0.7763
KENYA,BESS001,2,1,5,2027,-0.6595
KENYA,BESS001,2,1,5,2028,-0.9846
KENYA,BESS001,2,1,5,2029,0.3877
KENYA,BESS001,2,1,5,2030,-0.8856
KENYA,BESS001,2,1,5,2031,-0.4774
KENYA,BESS001,2,1,5,2032,-1.6113
KENYA,BESS001,2,1,5,2033,-2.7138
KENYA,BESS001,2,1,5,2034,-1.7358
KENYA,BESS001,2,1,5,2044,-1.3421
KENYA,BESS001,2,1,5,2045,-2.808
KENYA,BESS001,2,1,5,2046,-4.8234
KENYA,BESS001,2,1,5,2047,-7.2966
KENYA,BESS001,2,1,5,2048,-9.4502
KENYA,BESS001,2,1,5,2049,-11.6138
KENYA,BESS001,2,1,5,2050,-15.6268
KENYA,BESS001,2,1,6,2024,0.1385
KENYA,BESS001,2,1,6,2025,2.7221
KENYA,BESS001,2,1,6,2029,2.7221
KENYA,BESS001,2,1,6,2031,1.4413
KENYA,BESS001,2,1,6,2032,2.7221
KENYA,BESS001,2,1,6,2033,2.7221
KENYA,BESS001,2,1,6,2044,1.3421
KENYA,BESS001,2,1,6,2045,2.808
KENYA,BESS001,2,1,6,2046,4.8234
KENYA,BESS001,2,1,6,2047,7.2966
KENYA,BESS001,2,1,6,2048,5.7701
KENYA,BESS001,2,1,6,2049,2.7329
KENYA,BESS001,2,2,1,2024,0.2048
KENYA,BESS001,2,2,1,2025,2.2148
KENYA,BESS001,2,2,1,2026,1.0985
KENYA,BESS001,2,2,1,2027,1.3611
KENYA,BESS001,2,2,1,2028,2.7221
KENYA,BESS001,2,2,1,2029,2.7221
KENYA,BESS001,2,2,1,2030,2.7221
KENYA,BESS001,2,2,1,2031,2.7221
KENYA,BESS001,2,2,1,2032,2.7221
KENYA,BESS001,2,2,1,2033,2.7221
KENYA,BESS001,2,2,1,2034,0.0176
KENYA,BESS001,2,2,1,2044,1.3421
KENYA,BESS001,2,2,1,2045,2.808
KENYA,BESS001,2,2,1,2046,4.8234
KENYA,BESS001,2,2,1,2047,7.2966
KENYA,BESS001,2,2,1,2048,9.4502
KENYA,BESS001,2,2,1,2049,11.6138
KENYA,BESS001,2,2,1,2050,15.6268
KENYA,BESS001,2,2,2,2024,-0.2048
KENYA,BESS001,2,2,2,2025,-2.7221
KENYA,BESS001,2,2,2,2026,-2.7221
KENYA,BESS001,2,2,2,2027,-2.7221
KENYA,BESS001,2,2,2,2028,-2.7221
KENYA,BESS001,2,2,2,2029,-2.7221
KENYA,BESS001,2,2,2,2030,-2.7221
KENYA,BESS001,2,2,2,2031,-2.7221
KENYA,BESS001,2,2,2,2032,-2.7221
KENYA,BESS001,2,2,2,2033,-2.7221
KENYA,BESS001,2,2,2,2034,-2.5174
KENYA,BESS001,2,2,2,2044,-1.3421
KENYA,BESS001,2,2,2,2045,-2.808
KENYA,BESS001,2,2,2,2046,-4.8234
KENYA,BESS001,2,2,2,2047,-7.2966
KENYA,BESS001,2,2,2,2048,-9.4502
KENYA,BESS001,2,2,2,2049,-11.6138
KENYA,BESS001,2,2,2,2050,-15.6268
KENYA,BESS001,2,2,3,2024,0.0693
KENYA,BESS001,2,2,3,2025,2.7221
KENYA,BESS001,2,2,3,2026,0.9874
KENYA,BESS001,2,2,3,2027,1.6536
KENYA,BESS001,2,2,3,2028,0.6586
KENYA,BESS001,2,2,3,2029,2.7221
KENYA,BESS001,2,2,3,2030,0.6261
KENYA,BESS001,2,2,3,2031,0.4744
KENYA,BESS001,2,2,3,2032,0.926
KENYA,BESS001,2,2,3,2033,1.2222
KENYA,BESS001,2,2,3,2044,1.3421
KENYA,BESS001,2,2,3,2045,2.808
KENYA,BESS001,2,2,3,2046,4.8234
KENYA,BESS001,2,2,3,2047,7.2966
KENYA,BESS001,2,2,3,2048,9.4502
KENYA,BESS001,2,2,3,2049,9.4311
KENYA,BESS001,2,2,3,2050,9.5421
KENYA,BESS001,2,2,4,2024,-0.2048
KENYA,BESS001,2,2,4,2025,-2.7221
KENYA,BESS001,2,2,4,2026,-0.4206
KENYA,BESS001,2,2,4,2027,-1.7611
KENYA,BESS001,2,2,4,2028,-2.1882
KENYA,BESS001,2,2,4,2029,-2.663
KENYA,BESS001,2,2,4,2030,-2.2866
KENYA,BESS001,2,2,4,2031,-2.0623
KENYA,BESS001,2,2,4,2032,-2.7221
KENYA,BESS001,2,2,4,2033,-2.7221
KENYA,BESS001,2,2,4,2034,2.4367
KENYA,BESS001,2,2,4,2044,-1.3421
KENYA,BESS001,2,2,4,2045,-2.808
KENYA,BESS001,2,2,4,2046,-4.8234
KENYA,BESS001,2,2,4,2047,-7.138
KENYA,BESS001,2,2,4,2048,-9.4502
KENYA,BESS001,2,2,4,2049,-8.1348
KENYA,BESS001,2,2,4,2050,-11.2074
KENYA,BESS001,2,2,5,2024,0.2048
KENYA,BESS001,2,2,5,2025,-1.1039
KENYA,BESS001,2,2,5,2026,2.7221
KENYA,BESS001,2,2,5,2027,2.6573
KENYA,BESS001,2,2,5,2028,2.4291
KENYA,BESS001,2,2,5,2029,-2.7221
KENYA,BESS001,2,2,5,2030,2.7221
KENYA,BESS001,2,2,5,2031,2.7221
KENYA,BESS001,2,2,5,2032,2.7064
KENYA,BESS001,2,2,5,2033,1.8308
KENYA,BESS001,2,2,5,2034,2.5174
KENYA,BESS001,2,2,5,2044,-1.3421
KENYA,BESS001,2,2,5,2045,-2.6859
KENYA,BESS001,2,2,5,2046,-4.6137
KENYA,BESS001,2,2,5,2047,-7.2966
KENYA,BESS001,2,2,5,2048,-9.0393
KENYA,BESS001,2,2,5,2049,-11.6138
KENYA,BESS001,2,2,5,2050,-5.7965
KENYA,BESS001,2,2,6,2024,-0.2048
KENYA,BESS001,2,2,6,2025,-2.7221
KENYA,BESS001,2,2,6,2026,-2.7221
KENYA,BESS001,2,2,6,2027,-2.7221
KENYA,BESS001,2,2,6,2028,-2.7221
KENYA,BESS001,2,2,6,2029,-2.7221
KENYA,BESS001,2,2,6,2030,-2.7221
KENYA,BESS001,2,2,6,2031,-2.7221
KENYA,BESS001,2,2,6,2032,-2.7221
KENYA,BESS001,2,2,6,2033,-2.7221
KENYA,BESS001,2,2,6,2034,-2.5174
KENYA,BESS001,2,2,6,2044,-1.3027
KENYA,BESS001,2,2,6,2045,-2.808
KENYA,BESS001,2,2,6,2046,-4.8234
KENYA,BESS001,2,2,6,2047,-7.2966
KENYA,BESS001,2,2,6,2048,-9.4502
KENYA,BESS001,2,2,6,2049,-11.6138
KENYA,BESS001,2,2,6,2050,-15.6268
KENYA,BESS001,3,1,1,2026,-0.8707
KENYA,BESS001,3,1,1,2027,-0.0995
KENYA,BESS001,3,1,1,2030,-1.2777
KENYA,BESS001,3,1,1,2034,-1.4367
KENYA,BESS001,3,1,1,2044,-1.3421
KENYA,BESS001,3,1,1,2045,-1.1697
KENYA,BESS001,3,1,1,2046,-2.1376
KENYA,BESS001,3,1,1,2047,-4.9642
KENYA,BESS001,3,1,1,2048,-6.7061
KENYA,BESS001,3,1,1,2049,-9.243
KENYA,BESS001,3,1,1,2050,-10.5063
KENYA,BESS001,3,1,2,2024,0.2048
KENYA,BESS001,3,1,2,2025,0.3813
KENYA,BESS001,3,1,2,2026,2.7221
KENYA,BESS001,3,1,2,2027,2.7221
KENYA,BESS001,3,1,2,2028,2.7221
KENYA,BESS001,3,1,2,2029,-0.6552
KENYA,BESS001,3,1,2,2030,2.7221
KENYA,BESS001,3,1,2,2031,-1.0504
KENYA,BESS001,3,1,2,2032,-1.0434
KENYA,BESS001,3,1,2,2033,-1.0159
KENYA,BESS001,3,1,2,2034,2.5174
KENYA,BESS001,3,1,2,2044,1.3421
KENYA,BESS001,3,1,2,2045,2.808
KENYA,BESS001,3,1,2,2046,4.8234
KENYA,BESS001,3,1,2,2047,7.2966
KENYA,BESS001,3,1,2,2048,9.4502
KENYA,BESS001,3,1,2,2049,11.6138
KENYA,BESS001,3,1,2,2050,15.6268
KENYA,BESS001,3,1,3,2024,-0.1355
KENYA,BESS001,3,1,3,2025,-1.2638
KENYA,BESS001,3,1,3,2026,-2.7221
KENYA,BESS001,3,1,3,2027,-2.7221
KENYA,BESS001,3,1,3,2028,-2.5681
KENYA,BESS001,3,1,3,2029,-1.494
KENYA,BESS001,3,1,3,2030,-1.6076
KENYA,BESS001,3,1,3,2031,-2.1317
KENYA,BESS001,3,1,3,2032,-2.0137
KENYA,BESS001,3,1,3,2033,-1.9122
KENYA,BESS001,3,1,3,2034,-2.5174
KENYA,BESS001,3,1,3,2044,-0.1408
KENYA,BESS001,3,1,3,2045,-2.808
KENYA,BESS001,3,1,3,2046,-4.8234
KENYA,BESS001,3,1,3,2047,-6.3676
KENYA,BESS001,3,1,3,2048,-9.4502
KENYA,BESS001,3,1,3,2049,-11.6138
KENYA,BESS001,3,1,3,2050,-15.6268
KENYA,BESS001,3,1,4,2024,-0.2048
KENYA,BESS001,3,1,4,2025,-1.7867
KENYA,BESS001,3,1,4,2026,-0.074
KENYA,BESS001,3,1,4,2027,-1.2139
KENYA,BESS001,3,1,4,2028,-1.5887
KENYA,BESS001,3,1,4,2029,-0.6803
KENYA,BESS001,3,1,4,2030,-1.1198
KENYA,BESS001,3,1,4,2031,0.5546
KENYA,BESS001,3,1,4,2032,0.3749
KENYA,BESS001,3,1,4,2033,0.2045
KENYA,BESS001,3,1,4,2034,0.8652
KENYA,BESS001,3,1,4,2044,-0.463
KENYA,BESS001,3,1,4,2045,0.3252
KENYA,BESS001,3,1,4,2046,0.7482
KENYA,BESS001,3,1,4,2047,2.3167
KENYA,BESS001,3,1,4,2048,5.1883
KENYA,BESS001,3,1,4,2049,7.8566
KENYA,BESS001,3,1,4,2050,7.7176
KENYA,BESS001,3,1,5,2024,0.2048
KENYA,BESS001,3,1,5,2025,2.7221
KENYA,BESS001,3,1,5,2026,2.7221
KENYA,BESS001,3,1,5,2027,2.7221
KENYA,BESS001,3,1,5,2028,2.7221
KENYA,BESS001,3,1,5,2029,2.7221
KENYA,BESS001,3,1,5,2030,2.7221
KENYA,BESS001,3,1,5,2031,2.7221
KENYA,BESS001,3,1,5,2032,2.7221
KENYA,BESS001,3,1,5,2033,2.7221
KENYA,BESS001,3,1,5,2034,2.5174
KENYA,BESS001,3,1,5,2044,1.3421
KENYA,BESS001,3,1,5,2045,2.808
KENYA,BESS001,3,1,5,2046,4.8234
KENYA,BESS001,3,1,5,2047,7.2966
KENYA,BESS001,3,1,5,2048,9.4502
KENYA,BESS001,3,1,5,2049,11.6138
KENYA,BESS001,3,1,5,2050,15.6268
KENYA,BESS001,3,1,6,2024,0.2048
KENYA,BESS001,3,1,6,2025,2.7221
KENYA,BESS001,3,1,6,2026,2.7221
KENYA,BESS001,3,1,6,2027,2.7221
KENYA,BESS001,3,1,6,2028,2.7221
KENYA,BESS001,3,1,6,2029,2.7221
KENYA,BESS001,3,1,6,2030,2.7221
KENYA,BESS001,3,1,6,2031,2.7221
KENYA,BESS001,3,1,6,2032,2.7221
KENYA,BESS001,3,1,6,2033,2.7221
KENYA,BESS001,3,1,6,2034,2.5174
KENYA,BESS001,3,1,6,2044,1.3421
KENYA,BESS001,3,1,6,2045,2.808
KENYA,BESS001,3,1,6,2046,4.8234
KENYA,BESS001,3,1,6,2047,7.2966
KENYA,BESS001,3,1,6,2048,9.4502
KENYA,BESS001,3,1,6,2049,11.6138
KENYA,BESS001,3,1,6,2050,15.6268
KENYA,BESS001,3,2,1,2024,0.1447
KENYA,BESS001,3,2,1,2025,2.7221
KENYA,BESS001,3,2,1,2026,-0.3956
KENYA,BESS001,3,2,1,2029,2.7221
KENYA,BESS001,3,2,1,2031,2.7221
KENYA,BESS001,3,2,1,2032,2.7221
KENYA,BESS001,3,2,1,2033,2.7221
KENYA,BESS001,3,2,1,2034,2.5174
KENYA,BESS001,3,2,1,2044,1.3421
KENYA,BESS001,3,2,1,2045,2.808
KENYA,BESS001,3,2,1,2046,4.8234
KENYA,BESS001,3,2,1,2047,7.2966
KENYA,BESS001,3,2,1,2048,9.4502
KENYA,BESS001,3,2,1,2049,11.6138
KENYA,BESS001,3,2,1,2050,15.6268
KENYA,BESS001,3,2,2,2024,0.2048
KENYA,BESS001,3,2,2,2025,-1.5668
KENYA,BESS001,3,2,2,2026,2.7221
KENYA,BESS001,3,2,2,2027,2.4718
KENYA,BESS001,3,2,2,2028,2.7221
KENYA,BESS001,3,2,2,2029,0.028
KENYA,BESS001,3,2,2,2030,2.7221
KENYA,BESS001,3,2,2,2031,2.6906
KENYA,BESS001,3,2,2,2032,2.6305
KENYA,BESS001,3,2,2,2033,2.18
KENYA,BESS001,3,2,2,2034,2.498
KENYA,BESS001,3,2,2,2044,0.7107
KENYA,BESS001,3,2,2,2045,1.3434
KENYA,BESS001,3,2,2,2046,2.2459
KENYA,BESS001,3,2,2,2047,3.5587
KENYA,BESS001,3,2,2,2048,4.6817
KENYA,BESS001,3,2,2,2049,6.1257
KENYA,BESS001,3,2,2,2050,5.067
KENYA,BESS001,3,2,3,2024,-0.2048
KENYA,BESS001,3,2,3,2025,-2.7221
KENYA,BESS001,3,2,3,2027,-0.0978
KENYA,BESS001,3,2,3,2028,-0.9971
KENYA,BESS001,3,2,3,2029,-2.7221
KENYA,BESS001,3,2,3,2030,-1.2199
KENYA,BESS001,3,2,3,2031,-2.7221
KENYA,BESS001,3,2,3,2032,-2.7221
KENYA,BESS001,3,2,3,2033,-2.7221
KENYA,BESS001,3,2,3,2034,-2.5174
KENYA,BESS001,3,2,3,2044,-1.3421
KENYA,BESS001,3,2,3,2045,-2.808
KENYA,BESS001,3,2,3,2046,-4.8234
KENYA,BESS001,3,2,3,2047,-7.2966
KENYA,BESS001,3,2,3,2048,-9.4502
KENYA,BESS001,3,2,3,2049,-11.6138
KENYA,BESS001,3,2,3,2050,-15.6268
KENYA,BESS001,3,2,4,2024,-0.2048
KENYA,BESS001,3,2,4,2025,-0.719
KENYA,BESS001,3,2,4,2026,-2.7221
KENYA,BESS001,3,2,4,2027,-2.7221
KENYA,BESS001,3,2,4,2028,-2.7221
KENYA,BESS001,3,2,4,2029,-2.7221
KENYA,BESS001,3,2,4,2030,-2.7221
KENYA,BESS001,3,2,4,2031,-2.7221
KENYA,BESS001,3,2,4,2032,-2.7221
KENYA,BESS001,3,2,4,2033,-2.7221
KENYA,BESS001,3,2,4,2034,-2.5174
KENYA,BESS001,3,2,4,2044,-1.2911
KENYA,BESS001,3,2,4,2045,-2.808
KENYA,BESS001,3,2,4,2046,-4.8234
KENYA,BESS001,3,2,4,2047,-7.2966
KENYA,BESS001,3,2,4,2048,-9.4502
KENYA,BESS001,3,2,4,2049,-11.6138
KENYA,BESS001,3,2,4,2050,-11.9359
KENYA,BESS001,3,2,5,2024,-0.0183
KENYA,BESS001,3,2,5,2025,-0.2699
KENYA,BESS001,3,2,5,2026,-1.4341
KENYA,BESS001,3,2,5,2027,-1.9447
KENYA,BESS001,3,2,5,2028,0.3441
KENYA,BESS001,3,2,5,2029,1.3788
KENYA,BESS001,3,2,5,2030,1.003
KENYA,BESS001,3,2,5,2031,-2.5572
KENYA,BESS001,3,2,5,2032,-2.4683
KENYA,BESS001,3,2,5,2033,-1.8024
KENYA,BESS001,3,2,5,2034,-2.3792
KENYA,BESS001,3,2,5,2044,-0.4525
KENYA,BESS001,3,2,5,2045,-0.5209
KENYA,BESS001,3,2,5,2046,-0.8035
KENYA,BESS001,3,2,5,2047,-1.4537
KENYA,BESS001,3,2,5,2048,-1.9902
KENYA,BESS001,3,2,5,2049,-2.996
KENYA,BESS001,3,2,5,2050,-6.719
KENYA,BESS001,3,2,6,2024,0.2048
KENYA,BESS001,3,2,6,2025,2.7221
KENYA,BESS001,3,2,6,2026,2.7221
KENYA,BESS001,3,2,6,2027,2.7221
KENYA,BESS001,3,2,6,2028,2.7221
KENYA,BESS001,3,2,6,2029,2.7221
KENYA,BESS001,3,2,6,2030,2.7221
KENYA,BESS001,3,2,6,2031,2.7221
KENYA,BESS001,3,2,6,2032,2.7221
KENYA,BESS001,3,2,6,2033,2.7221
KENYA,BESS001,3,2,6,2034,2.5174
KENYA,BESS001,3,2,6,2044,1.3421
KENYA,BESS001,3,2,6,2045,2.808
KENYA,BESS001,3,2,6,2046,4.8234
KENYA,BESS001,3,2,6,2047,7.2966
KENYA,BESS001,3,2,6,2048,9.4502
KENYA,BESS001,3,2,6,2049,11.6138
KENYA,BESS001,3,2,6,2050,15.6268
KENYA,BESS001,4,1,1,2024,0.0102
KENYA,BESS001,4,1,1,2025,-0.263
KENYA,BESS001,4,1,1,2027,0.2602
KENYA,BESS001,4,1,1,2030,0.6051
KENYA,BESS001,4,1,1,2032,0.0444
KENYA,BESS001,4,1,1,2034,1.4345
KENYA,BESS001,4,1,1,2045,2.808
KENYA,BESS001,4,1,1,2046,1.2184
KENYA,BESS001,4,1,1,2047,0.5585
KENYA,BESS001,4,1,2,2024,0.0671
KENYA,BESS001,4,1,2,2025,-0.0481
KENYA,BESS001,4,1,2,2026,-0.9436
KENYA,BESS001,4,1,2,2029,-0.0597
KENYA,BESS001,4,1,2,2031,-0.5517
KENYA,BESS001,4,1,2,2032,-1.2032
KENYA,BESS001,4,1,2,2033,-1.8191
KENYA,BESS001,4,1,2,2034,-0.7262
KENYA,BESS001,4,1,2,2044,-1.3421
KENYA,BESS001,4,1,2,2045,-2.808
KENYA,BESS001,4,1,2,2046,-4.8234
KENYA,BESS001,4,1,2,2047,-7.0502
KENYA,BESS001,4,1,2,2048,-3.7834
KENYA,BESS001,4,1,2,2049,-5.3462
KENYA,BESS001,4,1,2,2050,-7.3111
KENYA,BESS001,4,1,3,2025,-0.0105
KENYA,BESS001,4,1,3,2029,0.1593
KENYA,BESS001,4,1,3,2031,-0.1339
KENYA,BESS001,4,1,3,2044,0.2101
KENYA,BESS001,4,1,3,2046,1.727
KENYA,BESS001,4,1,3,2047,7.2966
KENYA,BESS001,4,1,3,2048,6.4079
KENYA,BESS001,4,1,3,2049,5.8406
KENYA,BESS001,4,1,3,2050,9.6408
KENYA,BESS001,4,1,4,2024,-0.1671
KENYA,BESS001,4,1,4,2025,-0.4877
KENYA,BESS001,4,1,4,2026,-0.3671
KENYA,BESS001,4,1,4,2027,-1.7457
KENYA,BESS001,4,1,4,2028,-1.2722
KENYA,BESS001,4,1,4,2029,-1.6345
KENYA,BESS001,4,1,4,2030,-2.2657
KENYA,BESS001,4,1,4,2031,-0.6429
KENYA,BESS001,4,1,4,2032,-0.6539
KENYA,BESS001,4,1,4,2033,-0.0165
KENYA,BESS001,4,1,4,2034,-1.3906
KENYA,BESS001,4,1,4,2045,-0.9783
KENYA,BESS001,4,1,4,2046,-1.9425
KENYA,BESS001,4,1,4,2047,-4.0701
KENYA,BESS001,4,1,4,2048,-9.3953
KENYA,BESS001,4,1,4,2049,-8.8238
KENYA,BESS001,4,1,4,2050,-7.7299
KENYA,BESS001,4,1,5,2024,0.2048
KENYA,BESS001,4,1,5,2025,2.2294
KENYA,BESS001,4,1,5,2026,2.1292
KENYA,BESS001,4,1,5,2027,2.7221
KENYA,BESS001,4,1,5,2028,2.5443
KENYA,BESS001,4,1,5,2029,2.7221
KENYA,BESS001,4,1,5,2030,2.7221
KENYA,BESS001,4,1,5,2031,2.7221
KENYA,BESS001,4,1,5,2032,2.7221
KENYA,BESS001,4,1,5,2033,2.7221
KENYA,BESS001,4,1,5,2034,-0.802
KENYA,BESS001,4,1,5,2044,-0.6211
KENYA,BESS001,4,1,5,2045,-2.808
KENYA,BESS001,4,1,5,2046,-4.8234
KENYA,BESS001,4,1,5,2047,-5.9877
KENYA,BESS001,4,1,5,2048,-0.9469
KENYA,BESS001,4,1,5,2049,-7.1428
KENYA,BESS001,4,1,5,2050,-15.6268
KENYA,BESS001,4,1,6,2025,-0.2531
KENYA,BESS001,4,1,6,2029,0.111
KENYA,BESS001,4,1,6,2030,0.0137
KENYA,BESS001,4,1,6,2031,-0.1522
KENYA,BESS001,4,1,6,2032,0.1577
KENYA,BESS001,4,1,6,2034,0.2812
KENYA,BESS001,4,1,6,2044,1.3421
KENYA,BESS001,4,1,6,2045,0.4151
KENYA,BESS001,4,1,6,2046,4.8234
KENYA,BESS001,4,1,6,2047,0.8969
KENYA,BESS001,4,1,6,2048,4.3195
KENYA,BESS001,4,1,6,2049,10.4351
KENYA,BESS001,4,1,6,2050,9.0588
KENYA,BESS001,4,2,1,2028,0.7698
KENYA,BESS001,4,2,1,2029,2.0536
KENYA,BESS001,4,2,1,2030,0.3535
KENYA,BESS001,4,2,1,2031,2.7221
KENYA,BESS001,4,2,1,2032,2.1457
KENYA,BESS001,4,2,1,2033,2.7221
KENYA,BESS001,4,2,1,2034,2.5174
KENYA,BESS001,4,2,1,2044,0.0197
KENYA,BESS001,4,2,1,2046,3.1024
KENYA,BESS001,4,2,1,2048,2.7069
KENYA,BESS001,4,2,1,2049,3.6116
KENYA,BESS001,4,2,1,2050,0.2266
KENYA,BESS001,4,2,2,2026,2.2425
KENYA,BESS001,4,2,2,2027,2.7221
KENYA,BESS001,4,2,2,2029,-1.0327
KENYA,BESS001,4,2,2,2031,-1.6782
KENYA,BESS001,4,2,2,2032,-2.2848
KENYA,BESS001,4,2,2,2033,-2.7221
KENYA,BESS001,4,2,2,2034,-1.865
KENYA,BESS001,4,2,2,2044,1.3421
KENYA,BESS001,4,2,2,2045,0.3103
KENYA,BESS001,4,2,2,2046,-1.2395
KENYA,BESS001,4,2,2,2047,-2.7552
KENYA,BESS001,4,2,2,2048,-4.4157
KENYA,BESS001,4,2,2,2049,-5.988
KENYA,BESS001,4,2,2,2050,-7.851
KENYA,BESS001,4,2,3,2024,0.0693
KENYA,BESS001,4,2,3,2029,-0.4687
KENYA,BESS001,4,2,3,2030,0.0385
KENYA,BESS001,4,2,3,2031,-0.8862
KENYA,BESS001,4,2,3,2032,-0.8262
KENYA,BESS001,4,2,3,2033,-0.7393
KENYA,BESS001,4,2,3,2045,1.2901
KENYA,BESS001,4,2,3,2047,7.2966
KENYA,BESS001,4,2,3,2048,6.9303
KENYA,BESS001,4,2,3,2049,7.7532
KENYA,BESS001,4,2,3,2050,11.5104
KENYA,BESS001,4,2,4,2024,-0.2048
KENYA,BESS001,4,2,4,2026,-2.7221
KENYA,BESS001,4,2,4,2027,-2.7221
KENYA,BESS001,4,2,4,2028,-2.1025
KENYA,BESS001,4,2,4,2029,-2.7221
KENYA,BESS001,4,2,4,2030,-2.7221
KENYA,BESS001,4,2,4,2031,-2.7221
KENYA,BESS001,4,2,4,2032,-2.7221
KENYA,BESS001,4,2,4,2033,-2.7221
KENYA,BESS001,4,2,4,2034,-2.5174
KENYA,BESS001,4,2,4,2044,-1.3421
KENYA,BESS001,4,2,4,2045,-2.808
KENYA,BESS001,4,2,4,2046,-4.8234
KENYA,BESS001,4,2,4,2047,-7.2966
KENYA,BESS001,4,2,4,2048,-9.4502
KENYA,BESS001,4,2,4,2049,-11.6138
KENYA,BESS001,4,2,4,2050,-15.2843
KENYA,BESS001,4,2,5,2024,0.2048
KENYA,BESS001,4,2,5,2026,1.916
KENYA,BESS001,4,2,5,2027,0.3364
KENYA,BESS001,4,2,5,2028,1.9139
KENYA,BESS001,4,2,5,2029,0.8971
KENYA,BESS001,4,2,5,2030,0.2611
KENYA,BESS001,4,2,5,2031,2.1972
KENYA,BESS001,4,2,5,2032,0.8966
KENYA,BESS001,4,2,5,2033,0.5935
KENYA,BESS001,4,2,5,2034,-2.5174
KENYA,BESS001,4,2,5,2044,-1.3421
KENYA,BESS001,4,2,5,2045,-2.808
KENYA,BESS001,4,2,5,2046,-4.8234
KENYA,BESS001,4,2,5,2047,-7.2966
KENYA,BESS001,4,2,5,2048,-9.4502
KENYA,BESS001,4,2,5,2049,-11.6138
KENYA,BESS001,4,2,5,2050,-15.6268
KENYA,BESS001,4,2,6,2026,0.1442
KENYA,BESS001,4,2,6,2027,0.7332
KENYA,BESS001,4,2,6,2028,0.0104
KENYA,BESS001,4,2,6,2029,0.9389
KENYA,BESS001,4,2,6,2030,2.7221
KENYA,BESS001,4,2,6,2031,0.2029
KENYA,BESS001,4,2,6,2032,2.7221
KENYA,BESS001,4,2,6,2033,2.0378
KENYA,BESS001,4,2,6,2034,1.939
KENYA,BESS001,4,2,6,2044,1.3421
KENYA,BESS001,4,2,6,2045,2.808
KENYA,BESS001,4,2,6,2046,4.8234
KENYA,BESS001,4,2,6,2047,2.9698
KENYA,BESS001,4,2,6,2048,4.3195
KENYA,BESS001,4,2,6,2049,6.8278
KENYA,BESS001,4,2,6,2050,15.6268
KENYA,PHS001,1,1,1,2036,1.0453
KENYA,PHS001,1,1,1,2037,1.273
KENYA,PHS001,1,1,1,2038,1.391
KENYA,PHS001,1,1,1,2045,2.612
KENYA,PHS001,1,1,1,2046,0.0856
KENYA,PHS001,1,1,1,2049,2.3352
KENYA,PHS001,1,1,2,2035,0.336
KENYA,PHS001,1,1,2,2036,0.2337
KENYA,PHS001,1,1,2,2040,1.566
KENYA,PHS001,1,1,2,2041,0.5511
KENYA,PHS001,1,1,2,2046,5.0846
KENYA,PHS001,1,1,2,2047,1.3112
KENYA,PHS001,1,1,2,2049,0.9989
KENYA,PHS001,1,1,3,2035,0.079
KENYA,PHS001,1,1,3,2039,1.8491
KENYA,PHS001,1,1,3,2040,1.7557
KENYA,PHS001,1,1,3,2041,2.3091
KENYA,PHS001,1,1,3,2042,2.602
KENYA,PHS001,1,1,3,2047,1.9808
KENYA,PHS001,1,1,3,2050,1.6905
KENYA,PHS001,1,1,4,2035,-0.4875
KENYA,PHS001,1,1,4,2036,-1.718
KENYA,PHS001,1,1,4,2037,-3.0134
KENYA,PHS001,1,1,4,2038,-2.0868
KENYA,PHS001,1,1,4,2039,-1.0817
KENYA,PHS001,1,1,4,2040,-0.824
KENYA,PHS001,1,1,4,2041,-4.2606
KENYA,PHS001,1,1,4,2042,-4.1618
KENYA,PHS001,1,1,4,2043,-1.1331
KENYA,PHS001,1,1,4,2044,-0.5902
KENYA,PHS001,1,1,4,2045,-0.63
KENYA,PHS001,1,1,4,2046,-0.4721
KENYA,PHS001,1,1,4,2047,-0.4828
KENYA,PHS001,1,1,4,2048,-0.635
KENYA,PHS001,1,1,4,2049,-4.9495
KENYA,PHS001,1,1,4,2050,-2.6104
KENYA,PHS001,1,1,5,2035,-0.5118
KENYA,PHS001,1,1,5,2036,-3.531
KENYA,PHS001,1,1,5,2037,-1.621
KENYA,PHS001,1,1,5,2038,-4.1776
KENYA,PHS001,1,1,5,2039,-3.415
KENYA,PHS001,1,1,5,2040,-6.3133
KENYA,PHS001,1,1,5,2041,-7.1521
KENYA,PHS001,1,1,5,2042,-2.4027
KENYA,PHS001,1,1,5,2043,-1.1967
KENYA,PHS001,1,1,5,2044,-2.2449
KENYA,PHS001,1,1,5,2045,-7.1521
KENYA,PHS001,1,1,5,2046,-7.1521
KENYA,PHS001,1,1,5,2047,-7.1521
KENYA,PHS001,1,1,5,2048,-7.1521
KENYA,PHS001,1,1,5,2049,-7.1521
KENYA,PHS001,1,1,5,2050,-8.6388
KENYA,PHS001,1,1,6,2035,0.494
KENYA,PHS001,1,1,6,2036,2.3243
KENYA,PHS001,1,1,6,2037,2.546
KENYA,PHS001,1,1,6,2038,2.782
KENYA,PHS001,1,1,6,2040,0.0916
KENYA,PHS001,1,1,6,2041,5.1692
KENYA,PHS001,1,1,6,2042,1.8228
KENYA,PHS001,1,1,6,2043,2.1709
KENYA,PHS001,1,1,6,2044,2.1439
KENYA,PHS001,1,1,6,2045,0.2539
KENYA,PHS001,1,1,6,2048,5.5247
KENYA,PHS001,1,1,6,2049,5.6694
KENYA,PHS001,1,1,6,2050,5.8387
KENYA,PHS001,1,2,1,2035,0.2559
KENYA,PHS001,1,2,1,2036,1.1943
KENYA,PHS001,1,2,1,2037,1.3138
KENYA,PHS001,1,2,1,2038,1.4337
KENYA,PHS001,1,2,1,2039,1.8868
KENYA,PHS001,1,2,1,2040,1.9517
KENYA,PHS001,1,2,1,2041,2.7166
KENYA,PHS001,1,2,1,2042,2.7166
KENYA,PHS001,1,2,1,2043,2.7183
KENYA,PHS001,1,2,1,2044,2.7183
KENYA,PHS001,1,2,1,2045,1.0973
KENYA,PHS001,1,2,1,2046,1.015
KENYA,PHS001,1,2,1,2047,1.4372
KENYA,PHS001,1,2,1,2048,2.8487
KENYA,PHS001,1,2,2,2035,-0.5118
KENYA,PHS001,1,2,2,2037,-0.6803
KENYA,PHS001,1,2,2,2040,-2.0084
KENYA,PHS001,1,2,2,2041,-3.1192
KENYA,PHS001,1,2,2,2043,-2.0466
KENYA,PHS001,1,2,2,2047,2.6169
KENYA,PHS001,1,2,3,2035,0.2559
KENYA,PHS001,1,2,3,2037,0.3402
KENYA,PHS001,1,2,3,2040,1.7692
KENYA,PHS001,1,2,3,2041,1.0299
KENYA,PHS001,1,2,3,2043,1.0233
KENYA,PHS001,1,2,3,2045,1.621
KENYA,PHS001,1,2,3,2046,1.7235
KENYA,PHS001,1,2,3,2049,2.9326
KENYA,PHS001,1,2,3,2050,2.9973
KENYA,PHS001,1,2,4,2035,-0.5007
KENYA,PHS001,1,2,4,2036,-2.1597
KENYA,PHS001,1,2,4,2037,-3.531
KENYA,PHS001,1,2,4,2038,-4.1776
KENYA,PHS001,1,2,4,2039,-2.8327
KENYA,PHS001,1,2,4,2040,-6.1763
KENYA,PHS001,1,2,4,2041,-3.8879
KENYA,PHS001,1,2,4,2042,-4.4558
KENYA,PHS001,1,2,4,2043,-4.4608
KENYA,PHS001,1,2,4,2044,-4.8599
KENYA,PHS001,1,2,4,2045,-4.4608
KENYA,PHS001,1,2,4,2046,-7.1521
KENYA,PHS001,1,2,4,2047,-6.5287
KENYA,PHS001,1,2,4,2048,-7.1521
KENYA,PHS001,1,2,4,2049,-7.1521
KENYA,PHS001,1,2,4,2050,-8.6388
KENYA,PHS001,1,2,5,2035,-0.5118
KENYA,PHS001,1,2,5,2036,-2.7427
KENYA,PHS001,1,2,5,2037,-0.7062
KENYA,PHS001,1,2,5,2038,-0.1222
KENYA,PHS001,1,2,5,2039,-5.4913
KENYA,PHS001,1,2,5,2040,-3.711
KENYA,PHS001,1,2,5,2041,-6.7216
KENYA,PHS001,1,2,5,2042,-7.1521
KENYA,PHS001,1,2,5,2043,-7.1521
KENYA,PHS001,1,2,5,2044,-6.3539
KENYA,PHS001,1,2,5,2045,-7.1521
KENYA,PHS001,1,2,5,2046,-1.8883
KENYA,PHS001,1,2,5,2047,-3.1778
KENYA,PHS001,1,2,5,2048,-2.5401
KENYA,PHS001,1,2,5,2049,-3.0362
KENYA,PHS001,1,2,5,2050,-0.4459
KENYA,PHS001,1,2,6,2035,0.5118
KENYA,PHS001,1,2,6,2036,2.3886
KENYA,PHS001,1,2,6,2037,2.6275
KENYA,PHS001,1,2,6,2038,2.8673
KENYA,PHS001,1,2,6,2039,3.7736
KENYA,PHS001,1,2,6,2040,5.4333
KENYA,PHS001,1,2,6,2041,5.4333
KENYA,PHS001,1,2,6,2042,5.4333
KENYA,PHS001,1,2,6,2043,5.4367
KENYA,PHS001,1,2,6,2044,5.4367
KENYA,PHS001,1,2,6,2045,5.4367
KENYA,PHS001,1,2,6,2046,5.4768
KENYA,PHS001,1,2,6,2047,5.4913
KENYA,PHS001,1,2,6,2048,5.6973
KENYA,PHS001,1,2,6,2049,5.8651
KENYA,PHS001,1,2,6,2050,5.9947
KENYA,PHS001,2,1,1,2035,0.2421
KENYA,PHS001,2,1,1,2036,0.5393
KENYA,PHS001,2,1,1,2037,0.7757
KENYA,PHS001,2,1,1,2039,1.5419
KENYA,PHS001,2,1,1,2040,2.2061
KENYA,PHS001,2,1,1,2041,5.3562
KENYA,PHS001,2,1,1,2042,5.3531
KENYA,PHS001,2,1,1,2043,5.4367
KENYA,PHS001,2,1,1,2044,5.4367
KENYA,PHS001,2,1,1,2045,5.4367
KENYA,PHS001,2,1,1,2046,4.2593
KENYA,PHS001,2,1,1,2047,5.4117
KENYA,PHS001,2,1,1,2048,3.811
KENYA,PHS001,2,1,1,2049,1.8633
KENYA,PHS001,2,1,1,2050,1.6753
KENYA,PHS001,2,1,2,2037,-2.0619
KENYA,PHS001,2,1,2,2038,-2.4311
KENYA,PHS001,2,1,2,2039,-3.1514
KENYA,PHS001,2,1,2,2042,-4.5558
KENYA,PHS001,2,1,2,2045,-5.8463
KENYA,PHS001,2,1,2,2046,-4.9457
KENYA,PHS001,2,1,3,2037,1.0309
KENYA,PHS001,2,1,3,2038,1.8968
KENYA,PHS001,2,1,3,2039,1.5757
KENYA,PHS001,2,1,3,2040,3.2272
KENYA,PHS001,2,1,3,2042,2.2779
KENYA,PHS001,2,1,3,2045,2.9232
KENYA,PHS001,2,1,3,2046,3.6197
KENYA,PHS001,2,1,3,2049,0.4257
KENYA,PHS001,2,1,4,2035,-0.5118
KENYA,PHS001,2,1,4,2036,-3.531
KENYA,PHS001,2,1,4,2037,-3.531
KENYA,PHS001,2,1,4,2038,-3.5176
KENYA,PHS001,2,1,4,2039,-5.4913
KENYA,PHS001,2,1,4,2040,-4.8751
KENYA,PHS001,2,1,4,2041,-6.2108
KENYA,PHS001,2,1,4,2042,-7.1521
KENYA,PHS001,2,1,4,2043,-7.1521
KENYA,PHS001,2,1,4,2044,-4.4608
KENYA,PHS001,2,1,4,2045,-4.4608
KENYA,PHS001,2,1,4,2046,-4.5202
KENYA,PHS001,2,1,4,2047,-6.8454
KENYA,PHS001,2,1,4,2048,-6.8813
KENYA,PHS001,2,1,4,2049,-7.0284
KENYA,PHS001,2,1,4,2050,-7.6465
KENYA,PHS001,2,1,5,2035,-0.4896
KENYA,PHS001,2,1,5,2037,-0.7062
KENYA,PHS001,2,1,5,2038,-1.4422
KENYA,PHS001,2,1,5,2039,-0.174
KENYA,PHS001,2,1,5,2040,-6.3133
KENYA,PHS001,2,1,5,2041,-3.6419
KENYA,PHS001,2,1,5,2042,-1.7595
KENYA,PHS001,2,1,5,2043,-1.7695
KENYA,PHS001,2,1,5,2044,-7.1521
KENYA,PHS001,2,1,5,2045,-7.1521
KENYA,PHS001,2,1,5,2046,-7.1521
KENYA,PHS001,2,1,5,2047,-2.5444
KENYA,PHS001,2,1,5,2048,-3.0816
KENYA,PHS001,2,1,5,2049,-3.2835
KENYA,PHS001,2,1,5,2050,-2.4305
KENYA,PHS001,2,1,6,2035,0.5118
KENYA,PHS001,2,1,6,2036,3.531
KENYA,PHS001,2,1,6,2037,3.531
KENYA,PHS001,2,1,6,2038,4.1776
KENYA,PHS001,2,1,6,2039,5.4913
KENYA,PHS001,2,1,6,2048,0.9283
KENYA,PHS001,2,1,6,2049,4.1111
KENYA,PHS001,2,1,6,2050,6.4794
KENYA,PHS001,2,2,1,2035,0.1408
KENYA,PHS001,2,2,1,2036,0.5393
KENYA,PHS001,2,2,1,2037,0.7757
KENYA,PHS001,2,2,1,2038,0.6812
KENYA,PHS001,2,2,1,2040,5.2715
KENYA,PHS001,2,2,1,2042,5.3531
KENYA,PHS001,2,2,1,2044,5.3286
KENYA,PHS001,2,2,1,2045,5.4367
KENYA,PHS001,2,2,1,2046,5.0759
KENYA,PHS001,2,2,1,2047,3.2474
KENYA,PHS001,2,2,1,2048,1.5592
KENYA,PHS001,2,2,2,2044,0.2162
KENYA,PHS001,2,2,2,2048,4.5038
KENYA,PHS001,2,2,2,2049,4.5782
KENYA,PHS001,2,2,2,2050,3.3506
KENYA,PHS001,2,2,3,2035,0.1013
KENYA,PHS001,2,2,3,2040,0.1617
KENYA,PHS001,2,2,3,2041,5.3562
KENYA,PHS001,2,2,3,2043,5.4367
KENYA,PHS001,2,2,3,2046,0.3304
KENYA,PHS001,2,2,3,2047,2.1643
KENYA,PHS001,2,2,4,2035,-0.4803
KENYA,PHS001,2,2,4,2036,-1.6416
KENYA,PHS001,2,2,4,2037,-3.531
KENYA,PHS001,2,2,4,2038,-2.006
KENYA,PHS001,2,2,4,2039,-2.2972
KENYA,PHS001,2,2,4,2040,-6.3133
KENYA,PHS001,2,2,4,2041,-7.1521
KENYA,PHS001,2,2,4,2042,-7.1521
KENYA,PHS001,2,2,4,2043,-4.4608
KENYA,PHS001,2,2,4,2044,-7.1521
KENYA,PHS001,2,2,4,2045,-4.4608
KENYA,PHS001,2,2,4,2046,-7.1521
KENYA,PHS001,2,2,4,2047,-4.4238
KENYA,PHS001,2,2,4,2048,-3.3289
KENYA,PHS001,2,2,4,2049,-2.3799
KENYA,PHS001,2,2,4,2050,-0.9108
KENYA,PHS001,2,2,5,2035,-0.5118
KENYA,PHS001,2,2,5,2036,-3.531
KENYA,PHS001,2,2,5,2037,-0.4511
KENYA,PHS001,2,2,5,2038,-4.1776
KENYA,PHS001,2,2,5,2040,-3.437
KENYA,PHS001,2,2,5,2041,-1.5317
KENYA,PHS001,2,2,5,2042,-1.5224
KENYA,PHS001,2,2,5,2043,-7.1521
KENYA,PHS001,2,2,5,2044,-1.7695
KENYA,PHS001,2,2,5,2045,-7.1521
KENYA,PHS001,2,2,5,2046,-1.6795
KENYA,PHS001,2,2,5,2047,-7.1521
KENYA,PHS001,2,2,5,2049,-2.0079
KENYA,PHS001,2,2,5,2050,-8.6388
KENYA,PHS001,2,2,6,2035,0.5118
KENYA,PHS001,2,2,6,2036,3.531
KENYA,PHS001,2,2,6,2037,3.531
KENYA,PHS001,2,2,6,2038,4.1776
KENYA,PHS001,2,2,6,2039,0.0242
KENYA,PHS001,2,2,6,2048,3.7725
KENYA,PHS001,2,2,6,2049,7.1521
KENYA,PHS001,2,2,6,2050,8.6388
KENYA,PHS001,3,1,1,2037,1.4093
KENYA,PHS001,3,1,1,2039,1.9618
KENYA,PHS001,3,1,1,2041,1.7158
KENYA,PHS001,3,1,1,2042,5.2828
KENYA,PHS001,3,1,1,2043,1.8089
KENYA,PHS001,3,1,1,2044,2.1962
KENYA,PHS001,3,1,1,2046,5.3575
KENYA,PHS001,3,1,1,2047,3.4127
KENYA,PHS001,3,1,1,2048,2.0052
KENYA,PHS001,3,1,1,2049,2.1711
KENYA,PHS001,3,1,1,2050,1.5389
KENYA,PHS001,3,1,2,2035,0.5118
KENYA,PHS001,3,1,2,2036,0.7841
KENYA,PHS001,3,1,2,2037,0.9616
KENYA,PHS001,3,1,2,2046,-1.8051
KENYA,PHS001,3,1,2,2047,-6.987
KENYA,PHS001,3,1,2,2048,-7.1521
KENYA,PHS001,3,1,2,2049,-2.7599
KENYA,PHS001,3,1,2,2050,-8.6388
KENYA,PHS001,3,1,3,2035,0.2362
KENYA,PHS001,3,1,3,2036,1.9375
KENYA,PHS001,3,1,3,2037,0.6698
KENYA,PHS001,3,1,3,2038,2.7944
KENYA,PHS001,3,1,3,2040,2.1417
KENYA,PHS001,3,1,3,2041,3.5719
KENYA,PHS001,3,1,3,2045,2.2161
KENYA,PHS001,3,1,3,2046,0.9025
KENYA,PHS001,3,1,3,2047,5.4913
KENYA,PHS001,3,1,3,2048,3.576
KENYA,PHS001,3,1,3,2049,1.3799
KENYA,PHS001,3,1,3,2050,4.3194
KENYA,PHS001,3,1,4,2035,-0.5118
KENYA,PHS001,3,1,4,2036,-3.4874
KENYA,PHS001,3,1,4,2037,-3.531
KENYA,PHS001,3,1,4,2038,-4.1776
KENYA,PHS001,3,1,4,2039,-0.2348
KENYA,PHS001,3,1,4,2040,-6.3133
KENYA,PHS001,3,1,4,2041,-7.1521
KENYA,PHS001,3,1,4,2042,-7.1521
KENYA,PHS001,3,1,4,2043,-7.1521
KENYA,PHS001,3,1,4,2044,-7.1521
KENYA,PHS001,3,1,4,2045,-7.1521
KENYA,PHS001,3,1,4,2046,-7.1521
KENYA,PHS001,3,1,4,2047,-7.1521
KENYA,PHS001,3,1,4,2048,-7.1521
KENYA,PHS001,3,1,4,2049,-7.1521
KENYA,PHS001,3,1,4,2050,-8.6388
KENYA,PHS001,3,1,5,2035,-0.4604
KENYA,PHS001,3,1,5,2037,-0.6062
KENYA,PHS001,3,1,5,2038,-0.0143
KENYA,PHS001,3,1,5,2039,-5.4913
KENYA,PHS001,3,1,5,2040,-3.1174
KENYA,PHS001,3,1,5,2041,-1.5443
KENYA,PHS001,3,1,5,2042,-1.5371
KENYA,PHS001,3,1,5,2043,-1.4505
KENYA,PHS001,3,1,5,2044,-1.4724
KENYA,PHS001,3,1,5,2045,-1.4843
KENYA,PHS001,3,1,5,2046,-1.8883
KENYA,PHS001,3,1,5,2047,-1.9311
KENYA,PHS001,3,1,5,2048,-2.5401
KENYA,PHS001,3,1,5,2049,-3.0362
KENYA,PHS001,3,1,5,2050,-0.4459
KENYA,PHS001,3,1,6,2040,6.0971
KENYA,PHS001,3,1,6,2043,6.8238
KENYA,PHS001,3,1,6,2044,6.0789
KENYA,PHS001,3,1,6,2045,6.0551
KENYA,PHS001,3,1,6,2048,7.1521
KENYA,PHS001,3,1,6,2049,7.1521
KENYA,PHS001,3,1,6,2050,8.6388
KENYA,PHS001,3,2,1,2035,0.502
KENYA,PHS001,3,2,1,2036,2.3591
KENYA,PHS001,3,2,1,2037,2.5937
KENYA,PHS001,3,2,1,2038,2.8309
KENYA,PHS001,3,2,1,2039,3.7192
KENYA,PHS001,3,2,1,2040,2.2498
KENYA,PHS001,3,2,1,2041,5.3605
KENYA,PHS001,3,2,1,2042,5.358
KENYA,PHS001,3,2,1,2043,1.9168
KENYA,PHS001,3,2,1,2044,2.2967
KENYA,PHS001,3,2,1,2045,2.3126
KENYA,PHS001,3,2,1,2046,5.3575
KENYA,PHS001,3,2,1,2047,5.4104
KENYA,PHS001,3,2,1,2048,2.0052
KENYA,PHS001,3,2,1,2049,2.1711
KENYA,PHS001,3,2,1,2050,1.5389
KENYA,PHS001,3,2,2,2039,-1.15
KENYA,PHS001,3,2,2,2040,-0.5275
KENYA,PHS001,3,2,2,2041,-0.7988
KENYA,PHS001,3,2,2,2042,-2.147
KENYA,PHS001,3,2,2,2044,-4.7032
KENYA,PHS001,3,2,2,2046,-7.1521
KENYA,PHS001,3,2,2,2047,-0.9497
KENYA,PHS001,3,2,2,2048,-3.5575
KENYA,PHS001,3,2,2,2049,-6.4918
KENYA,PHS001,3,2,2,2050,-6.9581
KENYA,PHS001,3,2,3,2039,0.575
KENYA,PHS001,3,2,3,2040,0.0636
KENYA,PHS001,3,2,3,2041,0.3994
KENYA,PHS001,3,2,3,2042,1.0735
KENYA,PHS001,3,2,3,2044,2.3516
KENYA,PHS001,3,2,3,2046,3.576
KENYA,PHS001,3,2,3,2047,0.4748
KENYA,PHS001,3,2,3,2048,1.7787
KENYA,PHS001,3,2,3,2049,3.2459
KENYA,PHS001,3,2,3,2050,3.4791
KENYA,PHS001,3,2,4,2035,-0.5118
KENYA,PHS001,3,2,4,2036,-3.531
KENYA,PHS001,3,2,4,2037,-3.531
KENYA,PHS001,3,2,4,2038,-4.1776
KENYA,PHS001,3,2,4,2039,-5.0809
KENYA,PHS001,3,2,4,2040,-6.3133
KENYA,PHS001,3,2,4,2041,-7.1062
KENYA,PHS001,3,2,4,2042,-6.8249
KENYA,PHS001,3,2,4,2043,-7.1521
KENYA,PHS001,3,2,4,2044,-7.1521
KENYA,PHS001,3,2,4,2045,-7.1521
KENYA,PHS001,3,2,4,2046,-7.1521
KENYA,PHS001,3,2,4,2047,-7.1521
KENYA,PHS001,3,2,4,2048,-7.1521
KENYA,PHS001,3,2,4,2049,-7.1521
KENYA,PHS001,3,2,4,2050,-8.6388
KENYA,PHS001,3,2,5,2035,-0.4896
KENYA,PHS001,3,2,5,2037,-0.7062
KENYA,PHS001,3,2,5,2038,-0.1222
KENYA,PHS001,3,2,5,2039,-0.9948
KENYA,PHS001,3,2,5,2040,-2.7661
KENYA,PHS001,3,2,5,2041,-1.8512
KENYA,PHS001,3,2,5,2042,-2.4138
KENYA,PHS001,3,2,5,2043,-1.7695
KENYA,PHS001,3,2,5,2044,-1.7695
KENYA,PHS001,3,2,5,2045,-1.7695
KENYA,PHS001,3,2,5,2046,-1.5354
KENYA,PHS001,3,2,5,2047,-1.692
KENYA,PHS001,3,2,5,2048,-2.197
KENYA,PHS001,3,2,5,2049,-2.6875
KENYA,PHS001,3,2,5,2050,-0.0426
KENYA,PHS001,3,2,6,2035,0.0197
KENYA,PHS001,3,2,6,2036,0.0591
KENYA,PHS001,3,2,6,2037,0.0676
KENYA,PHS001,3,2,6,2038,0.073
KENYA,PHS001,3,2,6,2039,0.1088
KENYA,PHS001,3,2,6,2040,6.3133
KENYA,PHS001,3,2,6,2041,0.1456
KENYA,PHS001,3,2,6,2042,0.1504
KENYA,PHS001,3,2,6,2043,7.0397
KENYA,PHS001,3,2,6,2044,6.2799
KENYA,PHS001,3,2,6,2045,6.2481
KENYA,PHS001,3,2,6,2048,7.1521
KENYA,PHS001,3,2,6,2049,7.1521
KENYA,PHS001,3,2,6,2050,8.6388
KENYA,PHS001,4,1,1,2035,0.4988
KENYA,PHS001,4,1,1,2037,0.8027
KENYA,PHS001,4,1,1,2038,0.7114
KENYA,PHS001,4,1,1,2039,3.4354
KENYA,PHS001,4,1,1,2040,0.0729
KENYA,PHS001,4,1,1,2041,1.7358
KENYA,PHS001,4,1,1,2042,1.895
KENYA,PHS001,4,1,1,2043,2.4865
KENYA,PHS001,4,1,1,2045,1.7391
KENYA,PHS001,4,1,1,2046,5.1319
KENYA,PHS001,4,1,1,2047,1.501
KENYA,PHS001,4,1,1,2048,0.837
KENYA,PHS001,4,1,1,2049,2.2891
KENYA,PHS001,4,1,1,2050,2.6047
KENYA,PHS001,4,1,2,2036,-0.4035
KENYA,PHS001,4,1,2,2040,-0.2843
KENYA,PHS001,4,1,2,2041,-2.2163
KENYA,PHS001,4,1,2,2043,-5.8501
KENYA,PHS001,4,1,3,2036,0.7686
KENYA,PHS001,4,1,3,2040,5.364
KENYA,PHS001,4,1,3,2041,1.1082
KENYA,PHS001,4,1,3,2043,2.925
KENYA,PHS001,4,1,3,2044,1.7391
KENYA,PHS001,4,1,3,2047,0.2921
KENYA,PHS001,4,1,3,2048,1.1595
KENYA,PHS001,4,1,4,2035,-0.5118
KENYA,PHS001,4,1,4,2036,-3.4478
KENYA,PHS001,4,1,4,2037,-3.531
KENYA,PHS001,4,1,4,2038,-2.5853
KENYA,PHS001,4,1,4,2039,-2.3985
KENYA,PHS001,4,1,4,2040,-4.7728
KENYA,PHS001,4,1,4,2041,-4.2762
KENYA,PHS001,4,1,4,2042,-4.5199
KENYA,PHS001,4,1,4,2043,-7.1521
KENYA,PHS001,4,1,4,2044,-7.1521
KENYA,PHS001,4,1,4,2045,-4.6883
KENYA,PHS001,4,1,4,2046,-4.9866
KENYA,PHS001,4,1,4,2047,-4.3609
KENYA,PHS001,4,1,4,2048,-4.6616
KENYA,PHS001,4,1,4,2049,-7.1521
KENYA,PHS001,4,1,4,2050,-6.7154
KENYA,PHS001,4,1,5,2035,-0.4703
KENYA,PHS001,4,1,5,2037,-0.5309
KENYA,PHS001,4,1,5,2038,-3.1083
KENYA,PHS001,4,1,5,2039,-5.4913
KENYA,PHS001,4,1,5,2040,-6.3133
KENYA,PHS001,4,1,5,2041,-7.1521
KENYA,PHS001,4,1,5,2042,-6.6716
KENYA,PHS001,4,1,5,2043,-1.4427
KENYA,PHS001,4,1,5,2044,-1.4103
KENYA,PHS001,4,1,5,2045,-6.3378
KENYA,PHS001,4,1,5,2046,-6.004
KENYA,PHS001,4,1,5,2047,-7.1521
KENYA,PHS001,4,1,5,2048,-7.1521
KENYA,PHS001,4,1,5,2049,-3.0362
KENYA,PHS001,4,1,5,2050,-4.2926
KENYA,PHS001,4,1,6,2036,3.4185
KENYA,PHS001,4,1,6,2037,3.4125
KENYA,PHS001,4,1,6,2038,4.0434
KENYA,PHS001,4,1,6,2041,6.9091
KENYA,PHS001,4,1,6,2042,6.6
KENYA,PHS001,4,1,6,2043,5.4582
KENYA,PHS001,4,1,6,2044,6.909
KENYA,PHS001,4,1,6,2045,6.909
KENYA,PHS001,4,1,6,2046,0.3987
KENYA,PHS001,4,1,6,2047,6.9077
KENYA,PHS001,4,1,6,2048,6.9025
KENYA,PHS001,4,1,6,2049,7.1521
KENYA,PHS001,4,1,6,2050,8.6388
KENYA,PHS001,4,2,1,2035,0.5053
KENYA,PHS001,4,2,1,2036,0.1332
KENYA,PHS001,4,2,1,2037,0.862
KENYA,PHS001,4,2,1,2038,0.7786
KENYA,PHS001,4,2,1,2039,3.7291
KENYA,PHS001,4,2,1,2040,3.4598
KENYA,PHS001,4,2,1,2041,1.8572
KENYA,PHS001,4,2,1,2042,2.0142
KENYA,PHS001,4,2,1,2043,2.5971
KENYA,PHS001,4,2,1,2046,5.2047
KENYA,PHS001,4,2,1,2047,1.9153
KENYA,PHS001,4,2,1,2048,2.1213
KENYA,PHS001,4,2,2,2036,-1.619
KENYA,PHS001,4,2,2,2040,-2.1641
KENYA,PHS001,4,2,2,2042,-3.2707
KENYA,PHS001,4,2,2,2044,0.5683
KENYA,PHS001,4,2,3,2036,1.2994
KENYA,PHS001,4,2,3,2040,2.9863
KENYA,PHS001,4,2,3,2042,1.6353
KENYA,PHS001,4,2,3,2044,1.5765
KENYA,PHS001,4,2,3,2045,1.8607
KENYA,PHS001,4,2,3,2049,1.9719
KENYA,PHS001,4,2,4,2035,-0.5007
KENYA,PHS001,4,2,4,2036,-3.531
KENYA,PHS001,4,2,4,2037,-3.531
KENYA,PHS001,4,2,4,2038,-4.1776
KENYA,PHS001,4,2,4,2039,-5.4913
KENYA,PHS001,4,2,4,2040,-6.3133
KENYA,PHS001,4,2,4,2041,-4.4558
KENYA,PHS001,4,2,4,2042,-7.1521
KENYA,PHS001,4,2,4,2043,-7.1521
KENYA,PHS001,4,2,4,2044,-7.1521
KENYA,PHS001,4,2,4,2045,-7.1521
KENYA,PHS001,4,2,4,2046,-6.4952
KENYA,PHS001,4,2,4,2047,-4.5416
KENYA,PHS001,4,2,4,2048,-7.1521
KENYA,PHS001,4,2,4,2049,-4.6252
KENYA,PHS001,4,2,4,2050,-3.5178
KENYA,PHS001,4,2,5,2035,-0.5118
KENYA,PHS001,4,2,5,2037,-0.7062
KENYA,PHS001,4,2,5,2038,-0.1222
KENYA,PHS001,4,2,5,2039,-0.174
KENYA,PHS001,4,2,5,2040,-3.437
KENYA,PHS001,4,2,5,2041,-7.1521
KENYA,PHS001,4,2,5,2042,-1.7595
KENYA,PHS001,4,2,5,2043,-1.7695
KENYA,PHS001,4,2,5,2044,-1.7695
KENYA,PHS001,4,2,5,2045,-1.7695
KENYA,PHS001,4,2,5,2046,-3.2021
KENYA,PHS001,4,2,5,2047,-7.1521
KENYA,PHS001,4,2,5,2048,-2.5401
KENYA,PHS001,4,2,5,2049,-7.1521
KENYA,PHS001,4,2,5,2050,-2.987
KENYA,PHS001,4,2,6,2035,0.013
KENYA,PHS001,4,2,6,2036,3.531
KENYA,PHS001,4,2,6,2037,3.531
KENYA,PHS001,4,2,6,2038,4.1776
KENYA,PHS001,4,2,6,2039,0.0889
KENYA,PHS001,4,2,6,2040,0.1385
KENYA,PHS001,4,2,6,2041,7.1521
KENYA,PHS001,4,2,6,2042,6.8382
KENYA,PHS001,4,2,6,2043,5.6792
KENYA,PHS001,4,2,6,2044,7.1521
KENYA,PHS001,4,2,6,2045,7.1521
KENYA,PHS001,4,2,6,2046,0.5443
KENYA,PHS001,4,2,6,2047,7.1521
KENYA,PHS001,4,2,6,2048,7.1521
KENYA,PHS001,4,2,6,2049,6.5176
KENYA,PHS001,4,2,6,2050,1.5705
KENYA,PHS002,1,1,1,2034,1.8136
KENYA,PHS002,1,1,1,2035,2.198
KENYA,PHS002,1,1,1,2036,1.3198
KENYA,PHS002,1,1,1,2037,1.264
KENYA,PHS002,1,1,1,2038,2.4481
KENYA,PHS002,1,1,1,2040,2.8962
KENYA,PHS002,1,1,1,2042,0.7804
KENYA,PHS002,1,1,1,2045,0.074
KENYA,PHS002,1,1,1,2049,3.5207
KENYA,PHS002,1,1,1,2050,1.2793
KENYA,PHS002,1,1,2,2037,0.0075
KENYA,PHS002,1,1,2,2042,3.3274
KENYA,PHS002,1,1,2,2043,0.416
KENYA,PHS002,1,1,2,2044,1.0254
KENYA,PHS002,1,1,2,2045,0.1045
KENYA,PHS002,1,1,2,2046,0.1035
KENYA,PHS002,1,1,2,2048,7.0019
KENYA,PHS002,1,1,2,2050,4.3978
KENYA,PHS002,1,1,3,2036,1.0333
KENYA,PHS002,1,1,3,2037,1.0885
KENYA,PHS002,1,1,3,2039,2.5077
KENYA,PHS002,1,1,3,2041,2.9252
KENYA,PHS002,1,1,3,2042,0.4862
KENYA,PHS002,1,1,3,2043,0.0551
KENYA,PHS002,1,1,3,2044,0.027
KENYA,PHS002,1,1,3,2045,0.9506
KENYA,PHS002,1,1,3,2046,3.4028
KENYA,PHS002,1,1,3,2047,0.7179
KENYA,PHS002,1,1,4,2034,-2.6989
KENYA,PHS002,1,1,4,2035,-3.5701
KENYA,PHS002,1,1,4,2036,-4.0406
KENYA,PHS002,1,1,4,2037,-6.0634
KENYA,PHS002,1,1,4,2038,-5.1173
KENYA,PHS002,1,1,4,2039,-0.0498
KENYA,PHS002,1,1,4,2040,-6.9667
KENYA,PHS002,1,1,4,2041,-2.8912
KENYA,PHS002,1,1,4,2042,-0.5711
KENYA,PHS002,1,1,4,2043,-1.1157
KENYA,PHS002,1,1,4,2044,-1.426
KENYA,PHS002,1,1,4,2046,-1.0586
KENYA,PHS002,1,1,4,2047,-1.6896
KENYA,PHS002,1,1,4,2048,-3.0028
KENYA,PHS002,1,1,4,2049,-0.6016
KENYA,PHS002,1,1,4,2050,-5.7249
KENYA,PHS002,1,1,5,2034,-5.483
KENYA,PHS002,1,1,5,2035,-6.0634
KENYA,PHS002,1,1,5,2036,-6.0634
KENYA,PHS002,1,1,5,2037,-2.0274
KENYA,PHS002,1,1,5,2038,-4.4744
KENYA,PHS002,1,1,5,2039,-7.4848
KENYA,PHS002,1,1,5,2040,-3.6447
KENYA,PHS002,1,1,5,2041,-3.5561
KENYA,PHS002,1,1,5,2042,-7.8734
KENYA,PHS002,1,1,5,2043,-8.9916
KENYA,PHS002,1,1,5,2044,-9.3705
KENYA,PHS002,1,1,5,2045,-6.3938
KENYA,PHS002,1,1,5,2046,-8.9049
KENYA,PHS002,1,1,5,2047,-9.3705
KENYA,PHS002,1,1,5,2048,-9.3705
KENYA,PHS002,1,1,5,2049,-9.4608
KENYA,PHS002,1,1,5,2050,-9.4608
KENYA,PHS002,1,1,6,2034,3.6272
KENYA,PHS002,1,1,6,2035,4.396
KENYA,PHS002,1,1,6,2036,4.7061
KENYA,PHS002,1,1,6,2037,4.7125
KENYA,PHS002,1,1,6,2038,4.8963
KENYA,PHS002,1,1,6,2040,5.7923
KENYA,PHS002,1,1,6,2041,0.2185
KENYA,PHS002,1,1,6,2043,6.7865
KENYA,PHS002,1,1,6,2044,6.8983
KENYA,PHS002,1,1,6,2045,1.9256
KENYA,PHS002,1,1,6,2046,0.2673
KENYA,PHS002,1,1,6,2047,6.9474
KENYA,PHS002,1,1,6,2048,3.2127
KENYA,PHS002,1,1,6,2049,0.025
KENYA,PHS002,1,1,6,2050,6.9565
KENYA,PHS002,1,2,1,2034,1.8667
KENYA,PHS002,1,2,1,2035,2.2679
KENYA,PHS002,1,2,1,2036,2.2675
KENYA,PHS002,1,2,1,2037,2.4312
KENYA,PHS002,1,2,1,2038,1.9843
KENYA,PHS002,1,2,1,2039,2.5653
KENYA,PHS002,1,2,1,2040,3.0494
KENYA,PHS002,1,2,1,2041,3.0494
KENYA,PHS002,1,2,1,2042,1.3802
KENYA,PHS002,1,2,1,2043,1.9722
KENYA,PHS002,1,2,1,2044,3.4817
KENYA,PHS002,1,2,1,2046,3.5944
KENYA,PHS002,1,2,1,2048,2.9992
KENYA,PHS002,1,2,1,2049,0.3402
KENYA,PHS002,1,2,2,2035,-0.0221
KENYA,PHS002,1,2,2,2036,-0.8145
KENYA,PHS002,1,2,2,2038,-1.3948
KENYA,PHS002,1,2,2,2039,-0.0275
KENYA,PHS002,1,2,2,2042,-2.1628
KENYA,PHS002,1,2,2,2044,-0.9038
KENYA,PHS002,1,2,2,2045,0.138
KENYA,PHS002,1,2,2,2048,0.3165
KENYA,PHS002,1,2,3,2035,0.011
KENYA,PHS002,1,2,3,2036,0.571
KENYA,PHS002,1,2,3,2038,1.2401
KENYA,PHS002,1,2,3,2039,0.0137
KENYA,PHS002,1,2,3,2042,2.7506
KENYA,PHS002,1,2,3,2043,1.5608
KENYA,PHS002,1,2,3,2044,0.5647
KENYA,PHS002,1,2,3,2045,3.5254
KENYA,PHS002,1,2,3,2047,3.5944
KENYA,PHS002,1,2,3,2048,0.437
KENYA,PHS002,1,2,3,2049,3.2542
KENYA,PHS002,1,2,3,2050,3.5944
KENYA,PHS002,1,2,4,2034,-4.5162
KENYA,PHS002,1,2,4,2035,-5.768
KENYA,PHS002,1,2,4,2036,-6.0634
KENYA,PHS002,1,2,4,2037,-4.659
KENYA,PHS002,1,2,4,2038,-4.4394
KENYA,PHS002,1,2,4,2039,-6.7379
KENYA,PHS002,1,2,4,2040,-5.0788
KENYA,PHS002,1,2,4,2041,-7.8734
KENYA,PHS002,1,2,4,2042,-6.2132
KENYA,PHS002,1,2,4,2043,-5.9496
KENYA,PHS002,1,2,4,2044,-5.9418
KENYA,PHS002,1,2,4,2045,-6.7957
KENYA,PHS002,1,2,4,2046,-6.4447
KENYA,PHS002,1,2,4,2047,-9.3705
KENYA,PHS002,1,2,4,2048,-9.2545
KENYA,PHS002,1,2,4,2049,-9.4608
KENYA,PHS002,1,2,4,2050,-9.4608
KENYA,PHS002,1,2,5,2034,-2.0056
KENYA,PHS002,1,2,5,2035,-1.8743
KENYA,PHS002,1,2,5,2036,-2.249
KENYA,PHS002,1,2,5,2037,-5.0578
KENYA,PHS002,1,2,5,2038,-6.0634
KENYA,PHS002,1,2,5,2039,-1.6932
KENYA,PHS002,1,2,5,2040,-7.8734
KENYA,PHS002,1,2,5,2041,-2.2843
KENYA,PHS002,1,2,5,2042,-5.6046
KENYA,PHS002,1,2,5,2043,-8.9916
KENYA,PHS002,1,2,5,2044,-9.3705
KENYA,PHS002,1,2,5,2045,-7.6627
KENYA,PHS002,1,2,5,2046,-8.3646
KENYA,PHS002,1,2,5,2047,-2.513
KENYA,PHS002,1,2,5,2048,-2.745
KENYA,PHS002,1,2,5,2049,-2.3324
KENYA,PHS002,1,2,5,2050,-2.3324
KENYA,PHS002,1,2,6,2034,3.7334
KENYA,PHS002,1,2,6,2035,4.5358
KENYA,PHS002,1,2,6,2036,4.8624
KENYA,PHS002,1,2,6,2037,4.8624
KENYA,PHS002,1,2,6,2038,5.054
KENYA,PHS002,1,2,6,2039,5.1307
KENYA,PHS002,1,2,6,2040,6.0987
KENYA,PHS002,1,2,6,2041,6.0987
KENYA,PHS002,1,2,6,2042,6.0987
KENYA,PHS002,1,2,6,2043,7.066
KENYA,PHS002,1,2,6,2044,7.1889
KENYA,PHS002,1,2,6,2045,7.1889
KENYA,PHS002,1,2,6,2046,7.1889
KENYA,PHS002,1,2,6,2047,7.1889
KENYA,PHS002,1,2,6,2048,7.1889
KENYA,PHS002,1,2,6,2049,7.1889
KENYA,PHS002,1,2,6,2050,7.1889
KENYA,PHS002,2,1,1,2034,0.8615
KENYA,PHS002,2,1,1,2035,1.3583
KENYA,PHS002,2,1,1,2036,1.6851
KENYA,PHS002,2,1,1,2037,1.6817
KENYA,PHS002,2,1,1,2038,1.8687
KENYA,PHS002,2,1,1,2039,2.0868
KENYA,PHS002,2,1,1,2040,6.0987
KENYA,PHS002,2,1,1,2041,6.0193
KENYA,PHS002,2,1,1,2042,6.0159
KENYA,PHS002,2,1,1,2043,7.066
KENYA,PHS002,2,1,1,2044,7.1889
KENYA,PHS002,2,1,1,2045,6.3141
KENYA,PHS002,2,1,1,2046,7.0859
KENYA,PHS002,2,1,1,2047,4.9555
KENYA,PHS002,2,1,1,2048,2.5036
KENYA,PHS002,2,1,1,2049,2.4585
KENYA,PHS002,2,1,1,2050,2.4585
KENYA,PHS002,2,1,2,2035,-2.3533
KENYA,PHS002,2,1,2,2036,-1.7372
KENYA,PHS002,2,1,2,2040,-1.904
KENYA,PHS002,2,1,2,2041,-3.0573
KENYA,PHS002,2,1,2,2043,-5.9052
KENYA,PHS002,2,1,2,2044,-5.749
KENYA,PHS002,2,1,2,2047,-4.014
KENYA,PHS002,2,1,2,2048,-3.0534
KENYA,PHS002,2,1,3,2035,1.1767
KENYA,PHS002,2,1,3,2036,0.8686
KENYA,PHS002,2,1,3,2040,0.952
KENYA,PHS002,2,1,3,2041,1.5287
KENYA,PHS002,2,1,3,2043,2.9526
KENYA,PHS002,2,1,3,2044,2.8745
KENYA,PHS002,2,1,3,2045,0.8748
KENYA,PHS002,2,1,3,2047,2.007
KENYA,PHS002,2,1,3,2048,1.5267
KENYA,PHS002,2,1,4,2034,-5.483
KENYA,PHS002,2,1,4,2035,-5.5609
KENYA,PHS002,2,1,4,2036,-4.2972
KENYA,PHS002,2,1,4,2037,-5.2924
KENYA,PHS002,2,1,4,2038,-6.0634
KENYA,PHS002,2,1,4,2039,-5.3649
KENYA,PHS002,2,1,4,2040,-5.6306
KENYA,PHS002,2,1,4,2041,-5.0788
KENYA,PHS002,2,1,4,2042,-5.9045
KENYA,PHS002,2,1,4,2043,-6.6991
KENYA,PHS002,2,1,4,2044,-9.3705
KENYA,PHS002,2,1,4,2045,-8.3408
KENYA,PHS002,2,1,4,2046,-8.5381
KENYA,PHS002,2,1,4,2047,-5.9418
KENYA,PHS002,2,1,4,2048,-5.9418
KENYA,PHS002,2,1,4,2049,-5.8966
KENYA,PHS002,2,1,4,2050,-5.8966
KENYA,PHS002,2,1,5,2034,-0.0719
KENYA,PHS002,2,1,5,2035,-2.2885
KENYA,PHS002,2,1,5,2036,-5.7814
KENYA,PHS002,2,1,5,2037,-3.791
KENYA,PHS002,2,1,5,2038,-2.8155
KENYA,PHS002,2,1,5,2039,-4.4392
KENYA,PHS002,2,1,5,2040,-6.7699
KENYA,PHS002,2,1,5,2041,-7.8734
KENYA,PHS002,2,1,5,2042,-6.222
KENYA,PHS002,2,1,5,2043,-7.4926
KENYA,PHS002,2,1,5,2044,-2.513
KENYA,PHS002,2,1,5,2045,-4.5725
KENYA,PHS002,2,1,5,2046,-4.1778
KENYA,PHS002,2,1,5,2047,-9.3705
KENYA,PHS002,2,1,5,2048,-9.3705
KENYA,PHS002,2,1,5,2049,-9.4608
KENYA,PHS002,2,1,5,2050,-9.4608
KENYA,PHS002,2,1,6,2034,5.483
KENYA,PHS002,2,1,6,2035,6.0634
KENYA,PHS002,2,1,6,2036,6.0634
KENYA,PHS002,2,1,6,2037,6.0634
KENYA,PHS002,2,1,6,2038,6.0634
KENYA,PHS002,2,1,6,2039,5.9925
KENYA,PHS002,2,1,6,2047,4.244
KENYA,PHS002,2,1,6,2048,8.091
KENYA,PHS002,2,1,6,2049,8.0664
KENYA,PHS002,2,1,6,2050,9.0802
KENYA,PHS002,2,2,1,2034,0.8615
KENYA,PHS002,2,2,1,2035,1.3583
KENYA,PHS002,2,2,1,2037,0.0134
KENYA,PHS002,2,2,1,2038,1.8687
KENYA,PHS002,2,2,1,2040,6.0987
KENYA,PHS002,2,2,1,2041,5.8042
KENYA,PHS002,2,2,1,2042,5.7934
KENYA,PHS002,2,2,1,2043,6.5625
KENYA,PHS002,2,2,1,2044,4.9722
KENYA,PHS002,2,2,1,2045,1.8964
KENYA,PHS002,2,2,1,2046,7.0859
KENYA,PHS002,2,2,1,2047,4.9555
KENYA,PHS002,2,2,2,2043,0.376
KENYA,PHS002,2,2,2,2044,0.5951
KENYA,PHS002,2,2,2,2048,5.0072
KENYA,PHS002,2,2,2,2049,4.9169
KENYA,PHS002,2,2,2,2050,4.9169
KENYA,PHS002,2,2,3,2036,1.6851
KENYA,PHS002,2,2,3,2037,1.6683
KENYA,PHS002,2,2,3,2039,2.0868
KENYA,PHS002,2,2,3,2041,0.2151
KENYA,PHS002,2,2,3,2042,0.2225
KENYA,PHS002,2,2,3,2043,0.3155
KENYA,PHS002,2,2,3,2044,1.9191
KENYA,PHS002,2,2,3,2045,5.2925
KENYA,PHS002,2,2,4,2034,-5.3262
KENYA,PHS002,2,2,4,2035,-3.4579
KENYA,PHS002,2,2,4,2036,-4.8868
KENYA,PHS002,2,2,4,2037,-6.0634
KENYA,PHS002,2,2,4,2038,-6.0634
KENYA,PHS002,2,2,4,2039,-3.0848
KENYA,PHS002,2,2,4,2040,-7.8734
KENYA,PHS002,2,2,4,2041,-7.8734
KENYA,PHS002,2,2,4,2042,-4.9564
KENYA,PHS002,2,2,4,2043,-8.9916
KENYA,PHS002,2,2,4,2044,-5.9418
KENYA,PHS002,2,2,4,2045,-9.3705
KENYA,PHS002,2,2,4,2046,-9.3705
KENYA,PHS002,2,2,4,2047,-9.3705
KENYA,PHS002,2,2,4,2048,-4.3851
KENYA,PHS002,2,2,4,2049,-8.7073
KENYA,PHS002,2,2,4,2050,-9.4608
KENYA,PHS002,2,2,5,2035,-6.0634
KENYA,PHS002,2,2,5,2036,-4.1717
KENYA,PHS002,2,2,5,2037,-1.8085
KENYA,PHS002,2,2,5,2038,-2.3614
KENYA,PHS002,2,2,5,2040,-2.2843
KENYA,PHS002,2,2,5,2041,-2.0494
KENYA,PHS002,2,2,5,2042,-7.8734
KENYA,PHS002,2,2,5,2043,-2.9075
KENYA,PHS002,2,2,5,2044,-9.3705
KENYA,PHS002,2,2,5,2045,-2.513
KENYA,PHS002,2,2,5,2046,-2.2086
KENYA,PHS002,2,2,5,2047,-2.1837
KENYA,PHS002,2,2,5,2048,-9.3705
KENYA,PHS002,2,2,5,2050,-1.7698
KENYA,PHS002,2,2,6,2034,5.483
KENYA,PHS002,2,2,6,2035,6.0634
KENYA,PHS002,2,2,6,2036,6.0634
KENYA,PHS002,2,2,6,2037,6.0634
KENYA,PHS002,2,2,6,2038,6.0634
KENYA,PHS002,2,2,6,2047,4.244
KENYA,PHS002,2,2,6,2048,9.3705
KENYA,PHS002,2,2,6,2049,9.4608
KENYA,PHS002,2,2,6,2050,9.4608
KENYA,PHS002,3,1,1,2034,1.4194
KENYA,PHS002,3,1,1,2035,4.3133
KENYA,PHS002,3,1,1,2036,4.5436
KENYA,PHS002,3,1,1,2037,4.7305
KENYA,PHS002,3,1,1,2038,4.7517
KENYA,PHS002,3,1,1,2040,0.6537
KENYA,PHS002,3,1,1,2041,5.6005
KENYA,PHS002,3,1,1,2042,5.9086
KENYA,PHS002,3,1,1,2043,0.2748
KENYA,PHS002,3,1,1,2045,2.5233
KENYA,PHS002,3,1,1,2046,1.1157
KENYA,PHS002,3,1,1,2047,5.3993
KENYA,PHS002,3,1,1,2048,7.0321
KENYA,PHS002,3,1,1,2049,5.2404
KENYA,PHS002,3,1,1,2050,2.3005
KENYA,PHS002,3,1,2,2034,-2.4265
KENYA,PHS002,3,1,2,2035,0.0708
KENYA,PHS002,3,1,2,2036,0.375
KENYA,PHS002,3,1,2,2038,0.3276
KENYA,PHS002,3,1,2,2040,0.1379
KENYA,PHS002,3,1,2,2041,0.5795
KENYA,PHS002,3,1,2,2042,0.0539
KENYA,PHS002,3,1,2,2043,0.1395
KENYA,PHS002,3,1,2,2044,-1.3112
KENYA,PHS002,3,1,2,2045,-2.5001
KENYA,PHS002,3,1,2,2046,-2.4306
KENYA,PHS002,3,1,2,2048,-2.4101
KENYA,PHS002,3,1,2,2049,-9.4608
KENYA,PHS002,3,1,2,2050,-7.9101
KENYA,PHS002,3,1,3,2034,3.4544
KENYA,PHS002,3,1,3,2039,0.5847
KENYA,PHS002,3,1,3,2040,1.6266
KENYA,PHS002,3,1,3,2043,1.84
KENYA,PHS002,3,1,3,2044,2.8136
KENYA,PHS002,3,1,3,2045,1.2501
KENYA,PHS002,3,1,3,2046,7.1889
KENYA,PHS002,3,1,3,2048,1.205
KENYA,PHS002,3,1,3,2049,4.7304
KENYA,PHS002,3,1,3,2050,3.9551
KENYA,PHS002,3,1,4,2034,-5.483
KENYA,PHS002,3,1,4,2035,-6.0634
KENYA,PHS002,3,1,4,2036,-6.0634
KENYA,PHS002,3,1,4,2037,-6.0634
KENYA,PHS002,3,1,4,2038,-4.8829
KENYA,PHS002,3,1,4,2039,-6.3967
KENYA,PHS002,3,1,4,2040,-7.8734
KENYA,PHS002,3,1,4,2041,-7.8734
KENYA,PHS002,3,1,4,2042,-7.8734
KENYA,PHS002,3,1,4,2043,-8.9916
KENYA,PHS002,3,1,4,2044,-9.3705
KENYA,PHS002,3,1,4,2045,-9.3705
KENYA,PHS002,3,1,4,2046,-9.3705
KENYA,PHS002,3,1,4,2047,-9.3705
KENYA,PHS002,3,1,4,2048,-9.3705
KENYA,PHS002,3,1,4,2049,-9.4608
KENYA,PHS002,3,1,4,2050,-8.6645
KENYA,PHS002,3,1,5,2035,-1.0069
KENYA,PHS002,3,1,5,2036,-2.0549
KENYA,PHS002,3,1,5,2037,-2.054
KENYA,PHS002,3,1,5,2038,-4.9718
KENYA,PHS002,3,1,5,2040,-1.8324
KENYA,PHS002,3,1,5,2041,-1.976
KENYA,PHS002,3,1,5,2042,-2.043
KENYA,PHS002,3,1,5,2043,-0.9534
KENYA,PHS002,3,1,5,2044,-1.4914
KENYA,PHS002,3,1,5,2045,-1.9941
KENYA,PHS002,3,1,5,2046,-2.513
KENYA,PHS002,3,1,5,2047,-2.513
KENYA,PHS002,3,1,5,2048,-2.513
KENYA,PHS002,3,1,5,2049,-2.3324
KENYA,PHS002,3,1,5,2050,-3.9251
KENYA,PHS002,3,1,6,2039,7.2358
KENYA,PHS002,3,1,6,2040,6.8876
KENYA,PHS002,3,1,6,2043,8.196
KENYA,PHS002,3,1,6,2044,9.0727
KENYA,PHS002,3,1,6,2045,8.6291
KENYA,PHS002,3,1,6,2047,3.3421
KENYA,PHS002,3,1,6,2048,0.0988
KENYA,PHS002,3,1,6,2049,3.6411
KENYA,PHS002,3,1,6,2050,9.4608
KENYA,PHS002,3,2,1,2034,3.6848
KENYA,PHS002,3,2,1,2035,4.4423
KENYA,PHS002,3,2,1,2036,4.7967
KENYA,PHS002,3,2,1,2037,4.7964
KENYA,PHS002,3,2,1,2038,4.9848
KENYA,PHS002,3,2,1,2039,1.3883
KENYA,PHS002,3,2,1,2040,2.5021
KENYA,PHS002,3,2,1,2041,5.9945
KENYA,PHS002,3,2,1,2042,6.0171
KENYA,PHS002,3,2,1,2043,2.8455
KENYA,PHS002,3,2,1,2044,2.5036
KENYA,PHS002,3,2,1,2045,2.6988
KENYA,PHS002,3,2,1,2046,7.0893
KENYA,PHS002,3,2,1,2047,5.3993
KENYA,PHS002,3,2,1,2048,7.0321
KENYA,PHS002,3,2,1,2049,5.2404
KENYA,PHS002,3,2,1,2050,2.3005
KENYA,PHS002,3,2,2,2043,-2.9834
KENYA,PHS002,3,2,2,2045,-6.1003
KENYA,PHS002,3,2,2,2046,-0.5301
KENYA,PHS002,3,2,2,2047,-9.3705
KENYA,PHS002,3,2,2,2048,-9.3705
KENYA,PHS002,3,2,2,2049,-9.4608
KENYA,PHS002,3,2,2,2050,-9.4608
KENYA,PHS002,3,2,3,2043,1.4917
KENYA,PHS002,3,2,3,2045,3.0501
KENYA,PHS002,3,2,3,2046,0.2651
KENYA,PHS002,3,2,3,2047,4.6853
KENYA,PHS002,3,2,3,2048,4.6853
KENYA,PHS002,3,2,3,2049,4.7304
KENYA,PHS002,3,2,3,2050,4.7304
KENYA,PHS002,3,2,4,2034,-5.483
KENYA,PHS002,3,2,4,2035,-6.0634
KENYA,PHS002,3,2,4,2036,-6.0634
KENYA,PHS002,3,2,4,2037,-6.0634
KENYA,PHS002,3,2,4,2038,-6.0634
KENYA,PHS002,3,2,4,2039,-7.4848
KENYA,PHS002,3,2,4,2040,-7.8734
KENYA,PHS002,3,2,4,2041,-7.8734
KENYA,PHS002,3,2,4,2042,-7.8734
KENYA,PHS002,3,2,4,2043,-8.9916
KENYA,PHS002,3,2,4,2044,-9.3705
KENYA,PHS002,3,2,4,2045,-9.3705
KENYA,PHS002,3,2,4,2046,-9.3705
KENYA,PHS002,3,2,4,2047,-9.3705
KENYA,PHS002,3,2,4,2048,-9.3705
KENYA,PHS002,3,2,4,2049,-9.4608
KENYA,PHS002,3,2,4,2050,-9.4608
KENYA,PHS002,3,2,5,2035,-1.2835
KENYA,PHS002,3,2,5,2036,-2.249
KENYA,PHS002,3,2,5,2037,-2.249
KENYA,PHS002,3,2,5,2038,-2.8155
KENYA,PHS002,3,2,5,2039,-0.1994
KENYA,PHS002,3,2,5,2040,-2.2843
KENYA,PHS002,3,2,5,2041,-2.2843
KENYA,PHS002,3,2,5,2042,-2.2843
KENYA,PHS002,3,2,5,2043,-2.9075
KENYA,PHS002,3,2,5,2044,-2.513
KENYA,PHS002,3,2,5,2045,-2.513
KENYA,PHS002,3,2,5,2046,-2.2186
KENYA,PHS002,3,2,5,2047,-2.1626
KENYA,PHS002,3,2,5,2048,-2.1955
KENYA,PHS002,3,2,5,2049,-1.9543
KENYA,PHS002,3,2,5,2050,-1.8654
KENYA,PHS002,3,2,6,2034,0.0486
KENYA,PHS002,3,2,6,2035,0.1871
KENYA,PHS002,3,2,6,2036,0.1313
KENYA,PHS002,3,2,6,2037,0.1319
KENYA,PHS002,3,2,6,2038,0.1385
KENYA,PHS002,3,2,6,2039,7.4848
KENYA,PHS002,3,2,6,2040,7.1933
KENYA,PHS002,3,2,6,2041,0.2085
KENYA,PHS002,3,2,6,2042,0.1632
KENYA,PHS002,3,2,6,2043,8.441
KENYA,PHS002,3,2,6,2044,9.3705
KENYA,PHS002,3,2,6,2045,8.9801
KENYA,PHS002,3,2,6,2047,3.3421
KENYA,PHS002,3,2,6,2048,0.0988
KENYA,PHS002,3,2,6,2049,3.6411
KENYA,PHS002,3,2,6,2050,9.4608
KENYA,PHS002,4,1,1,2034,0.9021
KENYA,PHS002,4,1,1,2035,2.5757
KENYA,PHS002,4,1,1,2036,0.1067
KENYA,PHS002,4,1,1,2037,1.7245
KENYA,PHS002,4,1,1,2038,1.9137
KENYA,PHS002,4,1,1,2040,4.4139
KENYA,PHS002,4,1,1,2041,4.0933
KENYA,PHS002,4,1,1,2042,2.0269
KENYA,PHS002,4,1,1,2043,2.2158
KENYA,PHS002,4,1,1,2044,2.3986
KENYA,PHS002,4,1,1,2045,1.9673
KENYA,PHS002,4,1,1,2047,2.3436
KENYA,PHS002,4,1,1,2048,2.3436
KENYA,PHS002,4,1,1,2049,0.8854
KENYA,PHS002,4,1,1,2050,3.1834
KENYA,PHS002,4,1,2,2035,-1.0677
KENYA,PHS002,4,1,2,2037,-0.7334
KENYA,PHS002,4,1,2,2038,-1.0485
KENYA,PHS002,4,1,2,2042,-4.1116
KENYA,PHS002,4,1,2,2044,-5.9768
KENYA,PHS002,4,1,2,2045,-6.5808
KENYA,PHS002,4,1,2,2046,-6.2136
KENYA,PHS002,4,1,3,2035,2.3783
KENYA,PHS002,4,1,3,2036,1.6178
KENYA,PHS002,4,1,3,2037,0.3667
KENYA,PHS002,4,1,3,2038,0.5242
KENYA,PHS002,4,1,3,2039,4.8599
KENYA,PHS002,4,1,3,2040,1.5295
KENYA,PHS002,4,1,3,2042,2.0558
KENYA,PHS002,4,1,3,2043,0.1988
KENYA,PHS002,4,1,3,2044,4.5863
KENYA,PHS002,4,1,3,2045,7.0601
KENYA,PHS002,4,1,3,2046,5.4504
KENYA,PHS002,4,1,3,2049,1.6178
KENYA,PHS002,4,1,4,2034,-5.483
KENYA,PHS002,4,1,4,2035,-6.0634
KENYA,PHS002,4,1,4,2036,-6.0634
KENYA,PHS002,4,1,4,2037,-6.0634
KENYA,PHS002,4,1,4,2038,-6.0634
KENYA,PHS002,4,1,4,2039,-7.4848
KENYA,PHS002,4,1,4,2040,-7.8734
KENYA,PHS002,4,1,4,2041,-7.8734
KENYA,PHS002,4,1,4,2042,-7.8734
KENYA,PHS002,4,1,4,2043,-7.2401
KENYA,PHS002,4,1,4,2044,-6.7078
KENYA,PHS002,4,1,4,2045,-9.3705
KENYA,PHS002,4,1,4,2046,-9.3705
KENYA,PHS002,4,1,4,2047,-9.3705
KENYA,PHS002,4,1,4,2048,-5.7052
KENYA,PHS002,4,1,4,2049,-5.8966
KENYA,PHS002,4,1,4,2050,-9.4608
KENYA,PHS002,4,1,5,2034,-0.0719
KENYA,PHS002,4,1,5,2035,-1.1126
KENYA,PHS002,4,1,5,2036,-1.935
KENYA,PHS002,4,1,5,2037,-1.935
KENYA,PHS002,4,1,5,2038,-2.4944
KENYA,PHS002,4,1,5,2040,-2.0545
KENYA,PHS002,4,1,5,2041,-1.9743
KENYA,PHS002,4,1,5,2042,-1.8846
KENYA,PHS002,4,1,5,2043,-5.9503
KENYA,PHS002,4,1,5,2044,-7.437
KENYA,PHS002,4,1,5,2045,-2.1871
KENYA,PHS002,4,1,5,2046,-2.0399
KENYA,PHS002,4,1,5,2047,-2.0399
KENYA,PHS002,4,1,5,2048,-9.3705
KENYA,PHS002,4,1,5,2049,-9.4608
KENYA,PHS002,4,1,5,2050,-2.3324
KENYA,PHS002,4,1,6,2034,5.483
KENYA,PHS002,4,1,6,2036,5.851
KENYA,PHS002,4,1,6,2037,5.851
KENYA,PHS002,4,1,6,2038,5.8462
KENYA,PHS002,4,1,6,2039,0.2719
KENYA,PHS002,4,1,6,2041,3.5915
KENYA,PHS002,4,1,6,2042,7.603
KENYA,PHS002,4,1,6,2043,8.6803
KENYA,PHS002,4,1,6,2044,5.8417
KENYA,PHS002,4,1,6,2045,2.4628
KENYA,PHS002,4,1,6,2046,9.0505
KENYA,PHS002,4,1,6,2047,9.0505
KENYA,PHS002,4,1,6,2048,9.0505
KENYA,PHS002,4,1,6,2049,9.4608
KENYA,PHS002,4,1,6,2050,9.4608
KENYA,PHS002,4,2,1,2034,0.5608
KENYA,PHS002,4,2,1,2035,4.478
KENYA,PHS002,4,2,1,2036,1.8307
KENYA,PHS002,4,2,1,2037,1.8307
KENYA,PHS002,4,2,1,2038,0.7964
KENYA,PHS002,4,2,1,2039,4.4679
KENYA,PHS002,4,2,1,2040,6.021
KENYA,PHS002,4,2,1,2041,4.1981
KENYA,PHS002,4,2,1,2042,2.162
KENYA,PHS002,4,2,1,2043,2.2354
KENYA,PHS002,4,2,1,2044,4.0467
KENYA,PHS002,4,2,1,2045,5.8472
KENYA,PHS002,4,2,1,2046,0.7887
KENYA,PHS002,4,2,1,2047,2.5036
KENYA,PHS002,4,2,1,2050,1.0222
KENYA,PHS002,4,2,2,2035,-1.5258
KENYA,PHS002,4,2,2,2037,-2.0466
KENYA,PHS002,4,2,2,2038,-2.4645
KENYA,PHS002,4,2,2,2039,-0.1597
KENYA,PHS002,4,2,2,2041,-3.9432
KENYA,PHS002,4,2,2,2043,-2.7922
KENYA,PHS002,4,2,2,2044,0.1711
KENYA,PHS002,4,2,3,2034,0.3413
KENYA,PHS002,4,2,3,2035,0.7629
KENYA,PHS002,4,2,3,2037,1.0233
KENYA,PHS002,4,2,3,2038,2.4581
KENYA,PHS002,4,2,3,2039,0.5393
KENYA,PHS002,4,2,3,2041,1.9716
KENYA,PHS002,4,2,3,2043,1.7309
KENYA,PHS002,4,2,3,2046,1.7149
KENYA,PHS002,4,2,3,2048,2.5036
KENYA,PHS002,4,2,3,2049,1.9928
KENYA,PHS002,4,2,4,2034,-5.3862
KENYA,PHS002,4,2,4,2035,-6.0634
KENYA,PHS002,4,2,4,2036,-6.0634
KENYA,PHS002,4,2,4,2037,-6.0634
KENYA,PHS002,4,2,4,2038,-6.0634
KENYA,PHS002,4,2,4,2039,-4.4785
KENYA,PHS002,4,2,4,2040,-7.8734
KENYA,PHS002,4,2,4,2041,-7.8734
KENYA,PHS002,4,2,4,2042,-6.6414
KENYA,PHS002,4,2,4,2043,-6.8497
KENYA,PHS002,4,2,4,2044,-6.6705
KENYA,PHS002,4,2,4,2045,-8.8552
KENYA,PHS002,4,2,4,2046,-9.3705
KENYA,PHS002,4,2,4,2047,-8.4824
KENYA,PHS002,4,2,4,2048,-9.0676
KENYA,PHS002,4,2,4,2049,-8.5919
KENYA,PHS002,4,2,4,2050,-7.4322
KENYA,PHS002,4,2,5,2035,-1.2835
KENYA,PHS002,4,2,5,2036,-2.249
KENYA,PHS002,4,2,5,2037,-2.249
KENYA,PHS002,4,2,5,2038,-2.8155
KENYA,PHS002,4,2,5,2039,-6.2121
KENYA,PHS002,4,2,5,2040,-2.2843
KENYA,PHS002,4,2,5,2041,-2.2843
KENYA,PHS002,4,2,5,2042,-4.7482
KENYA,PHS002,4,2,5,2043,-7.1915
KENYA,PHS002,4,2,5,2044,-7.9131
KENYA,PHS002,4,2,5,2045,-3.5436
KENYA,PHS002,4,2,5,2046,-2.513
KENYA,PHS002,4,2,5,2047,-4.2892
KENYA,PHS002,4,2,5,2048,-3.1188
KENYA,PHS002,4,2,5,2049,-2.5609
KENYA,PHS002,4,2,6,2034,5.483
KENYA,PHS002,4,2,6,2035,0.1156
KENYA,PHS002,4,2,6,2036,6.0634
KENYA,PHS002,4,2,6,2037,6.0634
KENYA,PHS002,4,2,6,2038,6.0634
KENYA,PHS002,4,2,6,2039,0.4068
KENYA,PHS002,4,2,6,2040,0.1554
KENYA,PHS002,4,2,6,2041,3.8012
KENYA,PHS002,4,2,6,2042,7.8734
KENYA,PHS002,4,2,6,2043,8.9916
KENYA,PHS002,4,2,6,2044,6.1132
KENYA,PHS002,4,2,6,2045,2.6833
KENYA,PHS002,4,2,6,2046,9.3705
KENYA,PHS002,4,2,6,2047,9.3705
KENYA,PHS002,4,2,6,2048,9.3705
KENYA,PHS002,4,2,6,2049,8.3502
KENYA,PHS002,4,2,6,2050,3.6886
